service_type_id,hours_peak,customer_history_score,area_m2,price_adjustment,reward,accepted_status,created_at
0,False,1,177.00,0.00,0.00,True,2025-11-02 04:23:42.876296+00:00
0,False,8,142.00,0.00,0.00,True,2025-11-02 04:23:42.903356+00:00
1,False,3,166.00,0.10,0.00,False,2025-11-02 04:23:42.861622+00:00
0,False,3,78.00,-0.20,-624000.00,True,2025-11-02 04:23:42.838510+00:00
1,False,1,90.00,0.20,0.00,False,2025-11-02 04:23:42.861622+00:00
0,True,6,53.00,0.10,212000.00,True,2025-11-02 04:23:42.874300+00:00
0,False,2,112.00,-0.20,-896000.00,True,2025-11-02 04:23:42.890267+00:00
0,False,0,31.00,-0.10,0.00,False,2025-11-02 04:23:42.894773+00:00
0,False,5,57.00,-0.20,-456000.00,True,2025-11-02 04:23:42.838510+00:00
1,True,3,20.00,-0.10,-118000.00,True,2025-11-02 04:23:42.878294+00:00
1,False,1,143.00,-0.20,-1687400.00,True,2025-11-02 04:23:42.856100+00:00
1,False,7,102.00,0.10,601800.00,True,2025-11-02 04:23:42.885755+00:00
0,True,5,200.00,0.10,800000.00,True,2025-11-02 04:23:42.866073+00:00
0,False,6,88.00,-0.20,-704000.00,True,2025-11-02 04:23:42.898852+00:00
0,False,10,24.00,0.10,96000.00,True,2025-11-02 04:23:42.926555+00:00
0,False,0,99.00,-0.10,-396000.00,True,2025-11-02 04:23:42.905467+00:00
0,True,6,149.00,0.20,1192000.00,True,2025-11-02 04:23:42.860622+00:00
0,True,3,141.00,-0.10,-564000.00,True,2025-11-02 04:23:42.841512+00:00
1,False,1,33.00,-0.10,-194700.00,True,2025-11-02 04:23:42.869591+00:00
1,False,2,82.00,0.20,967600.00,True,2025-11-02 04:23:42.831919+00:00
0,False,0,137.00,-0.10,-548000.00,True,2025-11-02 04:23:42.883746+00:00
0,False,9,196.00,0.20,1568000.00,True,2025-11-02 04:23:42.844049+00:00
0,False,9,103.00,0.20,0.00,False,2025-11-02 04:23:42.858630+00:00
0,False,6,111.00,-0.20,-888000.00,True,2025-11-02 04:23:42.924555+00:00
1,False,6,116.00,0.10,684400.00,True,2025-11-02 04:23:42.881243+00:00
1,False,7,26.00,-0.10,-153400.00,True,2025-11-02 04:23:42.840510+00:00
0,True,7,44.00,0.20,352000.00,True,2025-11-02 04:23:42.919840+00:00
0,False,7,29.00,-0.10,-116000.00,True,2025-11-02 04:23:42.853085+00:00
1,False,5,100.00,0.10,0.00,False,2025-11-02 04:23:42.924555+00:00
1,False,0,123.00,0.20,0.00,False,2025-11-02 04:23:42.839511+00:00
0,False,4,111.00,-0.10,-444000.00,True,2025-11-02 04:23:42.901852+00:00
1,False,5,45.00,0.00,0.00,False,2025-11-02 04:23:42.920840+00:00
0,False,8,128.00,0.20,0.00,False,2025-11-02 04:23:42.865063+00:00
0,True,6,83.00,0.20,664000.00,True,2025-11-02 04:23:42.886752+00:00
0,False,8,38.00,-0.10,-152000.00,True,2025-11-02 04:23:42.834449+00:00
0,True,6,96.00,0.20,768000.00,True,2025-11-02 04:23:42.923542+00:00
1,False,4,108.00,0.00,0.00,True,2025-11-02 04:23:42.831919+00:00
0,False,6,130.00,0.00,0.00,True,2025-11-02 04:23:42.868593+00:00
0,False,7,40.00,0.20,0.00,False,2025-11-02 04:23:42.877294+00:00
1,False,5,99.00,0.20,0.00,False,2025-11-02 04:23:42.926555+00:00
1,False,4,188.00,0.00,0.00,False,2025-11-02 04:23:42.904363+00:00
0,False,5,125.00,-0.20,-1000000.00,True,2025-11-02 04:23:42.897851+00:00
0,False,5,177.00,0.20,1416000.00,True,2025-11-02 04:23:42.853085+00:00
0,False,1,30.00,0.10,120000.00,True,2025-11-02 04:23:42.895331+00:00
0,False,9,194.00,-0.10,-776000.00,True,2025-11-02 04:23:42.913484+00:00
1,False,7,191.00,-0.20,0.00,False,2025-11-02 04:23:42.896339+00:00
0,False,2,40.00,-0.20,-320000.00,True,2025-11-02 04:23:42.882238+00:00
1,False,6,160.00,-0.20,-1888000.00,True,2025-11-02 04:23:42.928061+00:00
0,False,2,158.00,0.10,0.00,False,2025-11-02 04:23:42.849573+00:00
0,False,4,194.00,-0.20,-1552000.00,True,2025-11-02 04:23:42.846045+00:00
0,False,1,172.00,0.10,688000.00,True,2025-11-02 04:23:42.906466+00:00
0,False,5,89.00,0.00,0.00,True,2025-11-02 04:23:42.882238+00:00
1,False,1,60.00,0.20,708000.00,True,2025-11-02 04:23:42.914486+00:00
0,False,6,100.00,-0.10,-400000.00,True,2025-11-02 04:23:42.884752+00:00
0,False,7,126.00,-0.20,-1008000.00,True,2025-11-02 04:23:42.863132+00:00
1,True,1,183.00,-0.10,0.00,False,2025-11-02 04:23:42.866073+00:00
0,True,3,62.00,0.20,496000.00,True,2025-11-02 04:23:42.921846+00:00
0,False,10,55.00,0.20,0.00,False,2025-11-02 04:23:42.844049+00:00
0,True,4,182.00,0.10,728000.00,True,2025-11-02 04:23:42.928061+00:00
0,False,6,40.00,-0.20,-320000.00,True,2025-11-02 04:23:42.905467+00:00
0,True,6,196.00,-0.10,-784000.00,True,2025-11-02 04:23:42.910975+00:00
0,False,4,30.00,0.10,120000.00,True,2025-11-02 04:23:42.866073+00:00
0,False,8,150.00,0.10,600000.00,True,2025-11-02 04:23:42.861622+00:00
0,False,3,173.00,0.20,1384000.00,True,2025-11-02 04:23:42.920840+00:00
1,False,9,170.00,0.20,2006000.00,True,2025-11-02 04:23:42.921846+00:00
0,False,5,60.00,-0.10,-240000.00,True,2025-11-02 04:23:42.891264+00:00
0,False,2,131.00,-0.10,0.00,False,2025-11-02 04:23:42.906466+00:00
1,False,9,45.00,0.20,0.00,False,2025-11-02 04:23:42.851573+00:00
1,False,4,158.00,-0.10,-932200.00,True,2025-11-02 04:23:42.914486+00:00
0,True,4,34.00,0.00,0.00,True,2025-11-02 04:23:42.854098+00:00
0,True,0,198.00,-0.10,-792000.00,True,2025-11-02 04:23:42.888263+00:00
1,False,2,186.00,-0.20,0.00,False,2025-11-02 04:23:42.880232+00:00
1,True,9,170.00,0.00,0.00,True,2025-11-02 04:23:42.911975+00:00
0,False,4,128.00,0.20,0.00,False,2025-11-02 04:23:42.892264+00:00
0,False,5,49.00,0.00,0.00,False,2025-11-02 04:23:42.895331+00:00
0,False,1,72.00,0.10,0.00,False,2025-11-02 04:23:42.845047+00:00
0,False,4,125.00,0.20,1000000.00,True,2025-11-02 04:23:42.926555+00:00
0,False,2,164.00,0.00,0.00,True,2025-11-02 04:23:42.848571+00:00
1,True,4,56.00,-0.20,-660800.00,True,2025-11-02 04:23:42.921846+00:00
0,False,2,161.00,0.00,0.00,False,2025-11-02 04:23:42.889268+00:00
0,False,6,22.00,-0.10,-88000.00,True,2025-11-02 04:23:42.907975+00:00
0,True,5,166.00,-0.20,-1328000.00,True,2025-11-02 04:23:42.891264+00:00
1,False,5,20.00,0.10,118000.00,True,2025-11-02 04:23:42.889268+00:00
0,True,4,168.00,0.00,0.00,True,2025-11-02 04:23:42.880232+00:00
0,True,3,84.00,0.10,336000.00,True,2025-11-02 04:23:42.917839+00:00
0,True,4,174.00,-0.20,-1392000.00,True,2025-11-02 04:23:42.888263+00:00
0,False,1,95.00,0.10,380000.00,True,2025-11-02 04:23:42.906466+00:00
0,False,6,178.00,0.10,0.00,False,2025-11-02 04:23:42.895331+00:00
0,True,4,155.00,-0.20,-1240000.00,True,2025-11-02 04:23:42.904363+00:00
0,False,2,117.00,0.20,936000.00,True,2025-11-02 04:23:42.843031+00:00
0,False,3,92.00,0.10,368000.00,True,2025-11-02 04:23:42.870592+00:00
0,False,7,144.00,0.10,576000.00,True,2025-11-02 04:23:42.868593+00:00
0,False,1,142.00,-0.10,-568000.00,True,2025-11-02 04:23:42.929074+00:00
0,False,5,183.00,-0.20,-1464000.00,True,2025-11-02 04:23:42.904363+00:00
1,False,11,85.00,-0.10,0.00,False,2025-11-02 04:23:42.857612+00:00
0,True,9,34.00,-0.20,-272000.00,True,2025-11-02 04:23:42.914486+00:00
0,False,5,85.00,-0.20,-680000.00,True,2025-11-02 04:23:42.883746+00:00
1,True,1,124.00,0.20,0.00,False,2025-11-02 04:23:42.899852+00:00
0,True,3,179.00,-0.20,-1432000.00,True,2025-11-02 04:23:42.859626+00:00
0,False,9,21.00,0.10,84000.00,True,2025-11-02 04:23:42.857612+00:00
0,False,7,53.00,-0.10,-212000.00,True,2025-11-02 04:23:42.891264+00:00
0,False,4,164.00,0.20,1312000.00,True,2025-11-02 04:23:42.835451+00:00
0,True,1,68.00,-0.20,-544000.00,True,2025-11-02 04:23:42.917325+00:00
0,True,5,51.00,0.10,204000.00,True,2025-11-02 04:23:42.849573+00:00
0,False,6,166.00,0.10,664000.00,True,2025-11-02 04:23:42.909975+00:00
0,False,9,172.00,0.10,688000.00,True,2025-11-02 04:23:42.915319+00:00
0,False,4,155.00,0.10,620000.00,True,2025-11-02 04:23:42.899852+00:00
0,True,5,94.00,0.20,752000.00,True,2025-11-02 04:23:42.837496+00:00
1,False,10,52.00,-0.10,-306800.00,True,2025-11-02 04:23:42.851573+00:00
0,True,3,180.00,0.00,0.00,True,2025-11-02 04:23:42.835451+00:00
0,False,1,139.00,0.10,556000.00,True,2025-11-02 04:23:42.843031+00:00
0,False,8,119.00,0.10,0.00,False,2025-11-02 04:23:42.896339+00:00
1,True,1,113.00,-0.20,-1333400.00,True,2025-11-02 04:23:42.911975+00:00
1,True,5,134.00,0.00,0.00,True,2025-11-02 04:23:42.921846+00:00
1,True,6,190.00,-0.10,0.00,False,2025-11-02 04:23:42.868593+00:00
0,False,4,163.00,0.10,652000.00,True,2025-11-02 04:23:42.856100+00:00
0,False,0,135.00,-0.10,-540000.00,True,2025-11-02 04:23:42.892264+00:00
1,False,0,57.00,0.00,0.00,False,2025-11-02 04:23:42.876296+00:00
0,False,2,46.00,0.10,184000.00,True,2025-11-02 04:23:42.886752+00:00
0,True,3,99.00,-0.10,-396000.00,True,2025-11-02 04:23:42.904363+00:00
0,True,2,25.00,0.00,0.00,True,2025-11-02 04:23:42.914486+00:00
1,False,6,74.00,0.10,436600.00,True,2025-11-02 04:23:42.929074+00:00
0,True,7,110.00,0.00,0.00,True,2025-11-02 04:23:42.917839+00:00
0,True,4,123.00,0.00,0.00,True,2025-11-02 04:23:42.891264+00:00
0,True,9,103.00,-0.10,-412000.00,True,2025-11-02 04:23:42.833434+00:00
0,False,2,165.00,-0.20,-1320000.00,True,2025-11-02 04:23:42.911975+00:00
0,False,6,143.00,0.10,572000.00,True,2025-11-02 04:23:42.901852+00:00
0,False,5,58.00,0.10,232000.00,True,2025-11-02 04:23:42.900852+00:00
0,True,2,87.00,0.20,696000.00,True,2025-11-02 04:23:42.863132+00:00
1,True,2,185.00,0.20,2183000.00,True,2025-11-02 04:23:42.908975+00:00
1,False,6,86.00,0.00,0.00,False,2025-11-02 04:23:42.841512+00:00
1,True,9,168.00,0.00,0.00,True,2025-11-02 04:23:42.885755+00:00
0,False,5,150.00,0.20,1200000.00,True,2025-11-02 04:23:42.835451+00:00
0,True,10,146.00,-0.20,-1168000.00,True,2025-11-02 04:23:42.845047+00:00
0,True,4,67.00,0.20,0.00,False,2025-11-02 04:23:42.882238+00:00
0,False,1,114.00,-0.20,-912000.00,True,2025-11-02 04:23:42.928061+00:00
0,False,1,42.00,-0.20,-336000.00,True,2025-11-02 04:23:42.892264+00:00
1,False,0,198.00,0.00,0.00,False,2025-11-02 04:23:42.859626+00:00
0,False,6,185.00,-0.20,-1480000.00,True,2025-11-02 04:23:42.863132+00:00
1,False,6,30.00,-0.10,0.00,False,2025-11-02 04:23:42.855411+00:00
0,False,1,76.00,0.10,304000.00,True,2025-11-02 04:23:42.875295+00:00
0,True,3,84.00,0.00,0.00,True,2025-11-02 04:23:42.844049+00:00
1,True,6,177.00,0.10,1044300.00,True,2025-11-02 04:23:42.880232+00:00
1,False,0,110.00,0.00,0.00,False,2025-11-02 04:23:42.911975+00:00
0,False,3,127.00,-0.10,-508000.00,True,2025-11-02 04:23:42.854098+00:00
0,False,5,112.00,0.10,448000.00,True,2025-11-02 04:23:42.880232+00:00
0,False,5,106.00,0.00,0.00,False,2025-11-02 04:23:42.907461+00:00
0,False,6,29.00,0.20,0.00,False,2025-11-02 04:23:42.863132+00:00
1,False,5,104.00,-0.10,-613600.00,True,2025-11-02 04:23:42.844049+00:00
0,False,5,146.00,0.20,1168000.00,True,2025-11-02 04:23:42.836965+00:00
0,True,2,126.00,-0.20,-1008000.00,True,2025-11-02 04:23:42.864143+00:00
1,True,0,44.00,0.20,519200.00,True,2025-11-02 04:23:42.876296+00:00
1,True,2,55.00,0.10,324500.00,True,2025-11-02 04:23:42.923542+00:00
1,False,5,130.00,0.10,767000.00,True,2025-11-02 04:23:42.843031+00:00
0,True,2,181.00,-0.20,-1448000.00,True,2025-11-02 04:23:42.888263+00:00
0,False,2,70.00,-0.10,-280000.00,True,2025-11-02 04:23:42.915319+00:00
1,False,3,82.00,0.00,0.00,True,2025-11-02 04:23:42.924555+00:00
0,False,6,175.00,-0.10,0.00,False,2025-11-02 04:23:42.874300+00:00
0,True,9,185.00,0.00,0.00,True,2025-11-02 04:23:42.897340+00:00
1,False,2,175.00,0.00,0.00,True,2025-11-02 04:23:42.846045+00:00
0,False,1,125.00,0.00,0.00,True,2025-11-02 04:23:42.879298+00:00
0,False,5,28.00,0.20,0.00,False,2025-11-02 04:23:42.908975+00:00
0,False,8,119.00,0.10,476000.00,True,2025-11-02 04:23:42.897340+00:00
0,False,7,51.00,0.20,0.00,False,2025-11-02 04:23:42.905467+00:00
1,True,2,108.00,0.20,1274400.00,True,2025-11-02 04:23:42.901852+00:00
0,False,7,175.00,0.00,0.00,False,2025-11-02 04:23:42.893264+00:00
0,False,8,110.00,0.10,440000.00,True,2025-11-02 04:23:42.883746+00:00
0,False,7,147.00,0.00,0.00,True,2025-11-02 04:23:42.887752+00:00
0,True,8,99.00,0.10,0.00,False,2025-11-02 04:23:42.925552+00:00
0,False,3,89.00,0.00,0.00,False,2025-11-02 04:23:42.893772+00:00
0,False,3,163.00,0.20,1304000.00,True,2025-11-02 04:23:42.867073+00:00
1,False,1,194.00,-0.20,-2289200.00,True,2025-11-02 04:23:42.886752+00:00
0,True,3,121.00,0.10,484000.00,True,2025-11-02 04:23:42.846045+00:00
0,False,1,46.00,0.20,368000.00,True,2025-11-02 04:23:42.912975+00:00
0,False,7,155.00,-0.20,-1240000.00,True,2025-11-02 04:23:42.879298+00:00
0,False,6,136.00,-0.10,-544000.00,True,2025-11-02 04:23:42.879298+00:00
0,False,4,89.00,-0.20,-712000.00,True,2025-11-02 04:23:42.909975+00:00
1,True,1,119.00,-0.20,-1404200.00,True,2025-11-02 04:23:42.881243+00:00
1,True,8,110.00,0.10,649000.00,True,2025-11-02 04:23:42.929074+00:00
0,False,2,186.00,-0.10,-744000.00,True,2025-11-02 04:23:42.885755+00:00
0,True,4,49.00,0.20,392000.00,True,2025-11-02 04:23:42.898852+00:00
0,False,6,59.00,-0.20,-472000.00,True,2025-11-02 04:23:42.887752+00:00
1,False,7,192.00,-0.10,0.00,False,2025-11-02 04:23:42.901852+00:00
1,True,8,170.00,-0.20,-2006000.00,True,2025-11-02 04:23:42.889268+00:00
0,False,8,135.00,0.10,540000.00,True,2025-11-02 04:23:42.884752+00:00
0,True,9,52.00,0.10,208000.00,True,2025-11-02 04:23:42.917839+00:00
0,False,6,82.00,-0.10,-328000.00,True,2025-11-02 04:23:42.916330+00:00
0,False,8,27.00,0.20,216000.00,True,2025-11-02 04:23:42.868593+00:00
0,False,5,83.00,-0.20,-664000.00,True,2025-11-02 04:23:42.846045+00:00
0,False,3,86.00,-0.20,-688000.00,True,2025-11-02 04:23:42.901852+00:00
0,False,4,104.00,0.10,0.00,False,2025-11-02 04:23:42.869591+00:00
0,False,3,176.00,0.00,0.00,True,2025-11-02 04:23:42.833434+00:00
0,False,4,55.00,0.10,0.00,False,2025-11-02 04:23:42.848571+00:00
0,False,4,42.00,-0.10,-168000.00,True,2025-11-02 04:23:42.879298+00:00
1,False,4,68.00,-0.20,0.00,False,2025-11-02 04:23:42.918839+00:00
0,False,1,49.00,0.00,0.00,True,2025-11-02 04:23:42.900852+00:00
1,False,8,120.00,0.00,0.00,True,2025-11-02 04:23:42.874300+00:00
0,True,4,157.00,0.00,0.00,True,2025-11-02 04:23:42.856100+00:00
0,True,11,27.00,0.20,216000.00,True,2025-11-02 04:23:42.871591+00:00
0,True,2,90.00,0.10,360000.00,True,2025-11-02 04:23:42.860622+00:00
1,True,9,30.00,0.10,0.00,False,2025-11-02 04:23:42.839511+00:00
1,True,6,31.00,0.20,365800.00,True,2025-11-02 04:23:42.891264+00:00
0,False,6,139.00,0.00,0.00,False,2025-11-02 04:23:42.884752+00:00
0,True,0,33.00,0.00,0.00,True,2025-11-02 04:23:42.830353+00:00
1,True,2,60.00,0.20,708000.00,True,2025-11-02 04:23:42.917839+00:00
0,False,2,31.00,0.10,124000.00,True,2025-11-02 04:23:42.838510+00:00
1,True,4,63.00,0.00,0.00,True,2025-11-02 04:23:42.841512+00:00
0,False,6,24.00,0.20,192000.00,True,2025-11-02 04:23:42.891264+00:00
1,False,9,167.00,0.00,0.00,True,2025-11-02 04:23:42.890267+00:00
0,True,4,57.00,0.10,228000.00,True,2025-11-02 04:23:42.869591+00:00
0,False,0,140.00,0.10,0.00,False,2025-11-02 04:23:42.848571+00:00
0,False,6,76.00,0.00,0.00,True,2025-11-02 04:23:42.893264+00:00
0,False,1,120.00,-0.20,-960000.00,True,2025-11-02 04:23:42.898852+00:00
1,False,1,22.00,0.00,0.00,False,2025-11-02 04:23:42.905467+00:00
1,False,7,76.00,-0.20,0.00,False,2025-11-02 04:23:42.883746+00:00
0,False,1,158.00,0.00,0.00,True,2025-11-02 04:23:42.848571+00:00
0,False,3,23.00,-0.10,-92000.00,True,2025-11-02 04:23:42.896339+00:00
0,False,5,193.00,0.20,1544000.00,True,2025-11-02 04:23:42.831919+00:00
1,True,4,184.00,0.20,0.00,False,2025-11-02 04:23:42.877294+00:00
1,True,1,124.00,0.00,0.00,True,2025-11-02 04:23:42.863132+00:00
0,True,2,137.00,0.10,548000.00,True,2025-11-02 04:23:42.883746+00:00
0,False,2,127.00,0.00,0.00,True,2025-11-02 04:23:42.880232+00:00
1,False,3,28.00,0.00,0.00,False,2025-11-02 04:23:42.893264+00:00
0,True,4,190.00,0.00,0.00,True,2025-11-02 04:23:42.843031+00:00
0,False,5,97.00,-0.10,-388000.00,True,2025-11-02 04:23:42.865063+00:00
0,False,8,69.00,0.00,0.00,True,2025-11-02 04:23:42.857612+00:00
0,False,2,55.00,-0.10,-220000.00,True,2025-11-02 04:23:42.925552+00:00
1,True,2,84.00,-0.20,-991200.00,True,2025-11-02 04:23:42.880232+00:00
0,False,9,96.00,0.20,768000.00,True,2025-11-02 04:23:42.883746+00:00
0,True,0,121.00,0.00,0.00,True,2025-11-02 04:23:42.874300+00:00
1,False,5,116.00,-0.10,0.00,False,2025-11-02 04:23:42.930253+00:00
0,False,5,59.00,0.00,0.00,True,2025-11-02 04:23:42.830903+00:00
0,False,8,40.00,0.10,160000.00,True,2025-11-02 04:23:42.867582+00:00
0,True,8,183.00,-0.20,-1464000.00,True,2025-11-02 04:23:42.871591+00:00
0,True,7,160.00,-0.10,-640000.00,True,2025-11-02 04:23:42.846045+00:00
1,False,0,196.00,0.10,1156400.00,True,2025-11-02 04:23:42.859626+00:00
0,True,4,141.00,-0.20,-1128000.00,True,2025-11-02 04:23:42.830903+00:00
0,True,4,153.00,0.10,612000.00,True,2025-11-02 04:23:42.860622+00:00
0,False,3,95.00,-0.10,0.00,False,2025-11-02 04:23:42.876296+00:00
1,False,8,182.00,0.10,1073800.00,True,2025-11-02 04:23:42.904363+00:00
0,False,3,54.00,-0.20,-432000.00,True,2025-11-02 04:23:42.887752+00:00
1,False,9,193.00,0.20,0.00,False,2025-11-02 04:23:42.865063+00:00
0,False,6,167.00,0.20,1336000.00,True,2025-11-02 04:23:42.913484+00:00
1,True,7,133.00,0.20,1569400.00,True,2025-11-02 04:23:42.918839+00:00
0,True,1,149.00,0.10,596000.00,True,2025-11-02 04:23:42.889268+00:00
1,True,6,154.00,-0.20,-1817200.00,True,2025-11-02 04:23:42.921846+00:00
0,False,1,158.00,0.20,1264000.00,True,2025-11-02 04:23:42.861622+00:00
1,True,2,84.00,0.00,0.00,True,2025-11-02 04:23:42.899852+00:00
0,True,0,98.00,0.00,0.00,True,2025-11-02 04:23:42.879298+00:00
0,False,1,23.00,0.10,0.00,False,2025-11-02 04:23:42.897340+00:00
1,False,3,194.00,-0.10,0.00,False,2025-11-02 04:23:42.882238+00:00
0,False,2,107.00,-0.20,-856000.00,True,2025-11-02 04:23:42.915319+00:00
1,True,6,66.00,0.10,389400.00,True,2025-11-02 04:23:42.907461+00:00
1,True,2,152.00,0.20,1793600.00,True,2025-11-02 04:23:42.907975+00:00
0,False,6,135.00,0.00,0.00,False,2025-11-02 04:23:42.884752+00:00
1,False,3,118.00,0.10,696200.00,True,2025-11-02 04:23:42.875295+00:00
0,False,3,130.00,0.20,1040000.00,True,2025-11-02 04:23:42.883746+00:00
0,False,7,197.00,0.00,0.00,True,2025-11-02 04:23:42.913484+00:00
1,False,4,170.00,-0.20,-2006000.00,True,2025-11-02 04:23:42.911975+00:00
0,False,2,109.00,0.00,0.00,True,2025-11-02 04:23:42.903356+00:00
0,True,5,184.00,0.10,736000.00,True,2025-11-02 04:23:42.886752+00:00
0,False,7,30.00,-0.10,-120000.00,True,2025-11-02 04:23:42.831919+00:00
0,True,5,111.00,0.20,888000.00,True,2025-11-02 04:23:42.861622+00:00
0,True,5,80.00,0.10,320000.00,True,2025-11-02 04:23:42.908975+00:00
0,True,1,102.00,-0.10,-408000.00,True,2025-11-02 04:23:42.885755+00:00
1,False,5,116.00,0.20,0.00,False,2025-11-02 04:23:42.930253+00:00
0,False,5,43.00,0.10,0.00,False,2025-11-02 04:23:42.874300+00:00
0,False,3,85.00,0.10,340000.00,True,2025-11-02 04:23:42.919840+00:00
0,False,9,40.00,0.10,160000.00,True,2025-11-02 04:23:42.839511+00:00
0,False,5,111.00,-0.10,-444000.00,True,2025-11-02 04:23:42.909975+00:00
1,True,7,198.00,-0.20,-2336400.00,True,2025-11-02 04:23:42.880232+00:00
0,False,7,184.00,-0.10,-736000.00,True,2025-11-02 04:23:42.831919+00:00
0,True,0,145.00,0.20,1160000.00,True,2025-11-02 04:23:42.889268+00:00
0,False,3,174.00,0.20,1392000.00,True,2025-11-02 04:23:42.849573+00:00
0,False,4,145.00,0.20,1160000.00,True,2025-11-02 04:23:42.851573+00:00
0,False,2,140.00,0.00,0.00,False,2025-11-02 04:23:42.861622+00:00
1,False,1,113.00,-0.20,-1333400.00,True,2025-11-02 04:23:42.859626+00:00
0,True,14,49.00,0.20,392000.00,True,2025-11-02 04:23:42.871591+00:00
1,True,2,75.00,0.00,0.00,True,2025-11-02 04:23:42.833434+00:00
0,True,4,64.00,-0.10,-256000.00,True,2025-11-02 04:23:42.907461+00:00
1,False,4,64.00,0.20,0.00,False,2025-11-02 04:23:42.834449+00:00
0,False,6,136.00,-0.10,-544000.00,True,2025-11-02 04:23:42.910975+00:00
0,False,7,79.00,0.00,0.00,True,2025-11-02 04:23:42.898852+00:00
1,False,8,107.00,0.00,0.00,False,2025-11-02 04:23:42.925552+00:00
0,False,4,197.00,0.20,1576000.00,True,2025-11-02 04:23:42.905467+00:00
0,False,11,111.00,0.00,0.00,True,2025-11-02 04:23:42.845047+00:00
0,True,6,151.00,0.20,1208000.00,True,2025-11-02 04:23:42.897851+00:00
1,True,10,79.00,-0.10,-466100.00,True,2025-11-02 04:23:42.878294+00:00
0,True,5,116.00,-0.10,-464000.00,True,2025-11-02 04:23:42.914486+00:00
1,False,1,99.00,-0.20,0.00,False,2025-11-02 04:23:42.898852+00:00
0,False,6,22.00,0.20,0.00,False,2025-11-02 04:23:42.923542+00:00
1,True,0,163.00,0.10,0.00,False,2025-11-02 04:23:42.859626+00:00
0,False,6,168.00,-0.20,-1344000.00,True,2025-11-02 04:23:42.865063+00:00
0,False,6,96.00,0.20,768000.00,True,2025-11-02 04:23:42.885755+00:00
0,True,8,200.00,0.20,1600000.00,True,2025-11-02 04:23:42.873288+00:00
0,False,1,197.00,-0.20,-1576000.00,True,2025-11-02 04:23:42.926555+00:00
0,False,6,92.00,-0.20,-736000.00,True,2025-11-02 04:23:42.839511+00:00
0,False,4,41.00,0.20,0.00,False,2025-11-02 04:23:42.896339+00:00
0,True,3,53.00,0.00,0.00,True,2025-11-02 04:23:42.917839+00:00
1,True,0,152.00,0.10,896800.00,True,2025-11-02 04:23:42.848571+00:00
0,True,5,186.00,0.20,1488000.00,True,2025-11-02 04:23:42.901852+00:00
1,False,8,118.00,-0.20,-1392400.00,True,2025-11-02 04:23:42.890267+00:00
0,False,2,89.00,0.10,0.00,False,2025-11-02 04:23:42.870592+00:00
0,False,5,41.00,-0.10,-164000.00,True,2025-11-02 04:23:42.899852+00:00
0,False,9,127.00,0.20,1016000.00,True,2025-11-02 04:23:42.860622+00:00
0,False,5,79.00,-0.20,-632000.00,True,2025-11-02 04:23:42.917839+00:00
1,False,3,98.00,-0.10,0.00,False,2025-11-02 04:23:42.876296+00:00
0,True,8,184.00,-0.20,-1472000.00,True,2025-11-02 04:23:42.887752+00:00
0,False,3,22.00,-0.10,-88000.00,True,2025-11-02 04:23:42.830903+00:00
0,False,3,106.00,-0.20,-848000.00,True,2025-11-02 04:23:42.860622+00:00
1,False,6,96.00,-0.10,-566400.00,True,2025-11-02 04:23:42.864143+00:00
0,False,2,191.00,0.00,0.00,True,2025-11-02 04:23:42.857612+00:00
0,False,5,166.00,-0.10,-664000.00,True,2025-11-02 04:23:42.915319+00:00
1,False,6,21.00,0.10,123900.00,True,2025-11-02 04:23:42.890267+00:00
1,False,2,129.00,0.10,0.00,False,2025-11-02 04:23:42.903356+00:00
0,False,8,52.00,0.20,416000.00,True,2025-11-02 04:23:42.914486+00:00
1,False,8,172.00,-0.20,-2029600.00,True,2025-11-02 04:23:42.853085+00:00
0,False,2,128.00,0.20,1024000.00,True,2025-11-02 04:23:42.876296+00:00
0,False,1,37.00,0.10,148000.00,True,2025-11-02 04:23:42.905467+00:00
0,True,0,61.00,0.20,488000.00,True,2025-11-02 04:23:42.907975+00:00
0,False,5,108.00,0.20,864000.00,True,2025-11-02 04:23:42.883746+00:00
0,True,1,168.00,-0.20,-1344000.00,True,2025-11-02 04:23:42.883746+00:00
1,False,2,23.00,-0.10,0.00,False,2025-11-02 04:23:42.910975+00:00
0,True,6,36.00,0.20,288000.00,True,2025-11-02 04:23:42.917325+00:00
0,False,7,152.00,-0.10,-608000.00,True,2025-11-02 04:23:42.896339+00:00
0,False,8,196.00,0.20,0.00,False,2025-11-02 04:23:42.917325+00:00
1,False,7,177.00,0.20,2088600.00,True,2025-11-02 04:23:42.858630+00:00
0,True,2,175.00,-0.10,-700000.00,True,2025-11-02 04:23:42.882238+00:00
0,False,2,139.00,0.20,1112000.00,True,2025-11-02 04:23:42.846045+00:00
0,True,3,137.00,-0.10,-548000.00,True,2025-11-02 04:23:42.915319+00:00
1,True,2,31.00,-0.10,-182900.00,True,2025-11-02 04:23:42.895331+00:00
0,False,2,187.00,-0.10,0.00,False,2025-11-02 04:23:42.900852+00:00
0,True,7,131.00,0.20,0.00,False,2025-11-02 04:23:42.897851+00:00
0,True,0,42.00,-0.20,-336000.00,True,2025-11-02 04:23:42.894773+00:00
0,False,7,111.00,-0.20,-888000.00,True,2025-11-02 04:23:42.917325+00:00
0,False,5,106.00,0.10,0.00,False,2025-11-02 04:23:42.919840+00:00
1,True,8,76.00,0.10,448400.00,True,2025-11-02 04:23:42.913484+00:00
0,False,5,40.00,-0.20,-320000.00,True,2025-11-02 04:23:42.868593+00:00
0,False,6,38.00,-0.10,0.00,False,2025-11-02 04:23:42.868593+00:00
0,True,2,130.00,0.20,1040000.00,True,2025-11-02 04:23:42.859626+00:00
0,False,0,62.00,0.00,0.00,False,2025-11-02 04:23:42.894773+00:00
0,False,2,100.00,0.00,0.00,True,2025-11-02 04:23:42.856100+00:00
0,True,0,198.00,0.10,792000.00,True,2025-11-02 04:23:42.866073+00:00
0,False,3,129.00,-0.10,-516000.00,True,2025-11-02 04:23:42.873288+00:00
1,False,1,93.00,-0.20,-1097400.00,True,2025-11-02 04:23:42.888263+00:00
0,False,8,31.00,-0.20,-248000.00,True,2025-11-02 04:23:42.918839+00:00
0,False,6,184.00,0.20,1472000.00,True,2025-11-02 04:23:42.850573+00:00
0,False,5,83.00,0.00,0.00,True,2025-11-02 04:23:42.912975+00:00
0,True,3,37.00,0.10,148000.00,True,2025-11-02 04:23:42.901852+00:00
1,True,4,156.00,0.00,0.00,True,2025-11-02 04:23:42.864143+00:00
0,False,5,56.00,-0.20,-448000.00,True,2025-11-02 04:23:42.858630+00:00
0,False,3,85.00,0.20,680000.00,True,2025-11-02 04:23:42.908975+00:00
1,False,3,183.00,0.00,0.00,True,2025-11-02 04:23:42.895331+00:00
1,False,3,102.00,-0.10,-601800.00,True,2025-11-02 04:23:42.898852+00:00
1,False,0,131.00,0.20,0.00,False,2025-11-02 04:23:42.869591+00:00
0,False,1,86.00,0.10,344000.00,True,2025-11-02 04:23:42.831919+00:00
1,False,2,39.00,0.10,0.00,False,2025-11-02 04:23:42.919840+00:00
0,False,8,131.00,-0.10,-524000.00,True,2025-11-02 04:23:42.917839+00:00
1,False,2,164.00,-0.20,0.00,False,2025-11-02 04:23:42.926555+00:00
1,False,1,74.00,0.10,436600.00,True,2025-11-02 04:23:42.913484+00:00
0,False,8,161.00,0.20,1288000.00,True,2025-11-02 04:23:42.910975+00:00
0,False,5,188.00,0.00,0.00,True,2025-11-02 04:23:42.881243+00:00
0,True,5,108.00,0.00,0.00,True,2025-11-02 04:23:42.879298+00:00
0,True,8,161.00,0.00,0.00,True,2025-11-02 04:23:42.860622+00:00
0,False,7,181.00,-0.10,-724000.00,True,2025-11-02 04:23:42.836965+00:00
0,False,4,111.00,-0.10,-444000.00,True,2025-11-02 04:23:42.849573+00:00
0,False,1,21.00,0.00,0.00,True,2025-11-02 04:23:42.871591+00:00
1,True,8,132.00,0.00,0.00,True,2025-11-02 04:23:42.850573+00:00
0,False,5,145.00,-0.20,-1160000.00,True,2025-11-02 04:23:42.875295+00:00
0,True,1,192.00,-0.20,-1536000.00,True,2025-11-02 04:23:42.925552+00:00
0,False,1,196.00,-0.20,-1568000.00,True,2025-11-02 04:23:42.924555+00:00
0,False,7,132.00,0.00,0.00,False,2025-11-02 04:23:42.907975+00:00
0,True,8,112.00,0.20,896000.00,True,2025-11-02 04:23:42.881243+00:00
0,True,7,23.00,-0.20,-184000.00,True,2025-11-02 04:23:42.878294+00:00
1,True,7,111.00,-0.20,-1309800.00,True,2025-11-02 04:23:42.910975+00:00
0,True,7,43.00,0.10,172000.00,True,2025-11-02 04:23:42.896339+00:00
0,False,8,48.00,-0.10,0.00,False,2025-11-02 04:23:42.863132+00:00
0,False,2,32.00,-0.10,-128000.00,True,2025-11-02 04:23:42.908975+00:00
0,False,9,85.00,0.00,0.00,False,2025-11-02 04:23:42.888263+00:00
0,False,2,40.00,0.20,320000.00,True,2025-11-02 04:23:42.886752+00:00
0,False,9,147.00,-0.20,-1176000.00,True,2025-11-02 04:23:42.909975+00:00
0,True,2,57.00,-0.10,-228000.00,True,2025-11-02 04:23:42.896339+00:00
0,False,6,159.00,-0.10,-636000.00,True,2025-11-02 04:23:42.845047+00:00
1,False,4,165.00,0.10,0.00,False,2025-11-02 04:23:42.895331+00:00
0,False,3,95.00,0.10,0.00,False,2025-11-02 04:23:42.918839+00:00
0,False,3,151.00,0.10,604000.00,True,2025-11-02 04:23:42.890267+00:00
0,False,5,165.00,0.00,0.00,True,2025-11-02 04:23:42.856100+00:00
0,False,5,170.00,0.10,0.00,False,2025-11-02 04:23:42.886752+00:00
0,True,5,139.00,0.20,1112000.00,True,2025-11-02 04:23:42.911975+00:00
0,False,7,54.00,0.20,432000.00,True,2025-11-02 04:23:42.854098+00:00
1,False,5,71.00,0.00,0.00,False,2025-11-02 04:23:42.881243+00:00
1,False,3,138.00,0.00,0.00,True,2025-11-02 04:23:42.907975+00:00
0,True,2,148.00,0.10,0.00,False,2025-11-02 04:23:42.900852+00:00
0,True,2,23.00,0.10,92000.00,True,2025-11-02 04:23:42.830903+00:00
1,False,5,83.00,0.20,979400.00,True,2025-11-02 04:23:42.923542+00:00
0,False,1,87.00,-0.20,-696000.00,True,2025-11-02 04:23:42.854098+00:00
1,False,4,32.00,0.20,0.00,False,2025-11-02 04:23:42.849573+00:00
0,True,5,35.00,0.10,140000.00,True,2025-11-02 04:23:42.884752+00:00
0,True,1,25.00,0.20,200000.00,True,2025-11-02 04:23:42.908975+00:00
0,False,8,191.00,0.10,764000.00,True,2025-11-02 04:23:42.900852+00:00
1,True,6,136.00,-0.10,-802400.00,True,2025-11-02 04:23:42.918839+00:00
0,True,8,172.00,-0.10,-688000.00,True,2025-11-02 04:23:42.839511+00:00
1,True,4,185.00,0.20,2183000.00,True,2025-11-02 04:23:42.897340+00:00
0,False,7,174.00,-0.20,-1392000.00,True,2025-11-02 04:23:42.847557+00:00
0,False,8,124.00,0.10,0.00,False,2025-11-02 04:23:42.846045+00:00
0,False,9,129.00,0.00,0.00,True,2025-11-02 04:23:42.898852+00:00
1,False,5,27.00,0.20,318600.00,True,2025-11-02 04:23:42.919840+00:00
0,False,4,156.00,-0.20,-1248000.00,True,2025-11-02 04:23:42.865063+00:00
0,False,3,137.00,-0.20,-1096000.00,True,2025-11-02 04:23:42.848571+00:00
0,False,7,183.00,-0.20,-1464000.00,True,2025-11-02 04:23:42.884752+00:00
0,True,8,148.00,-0.10,-592000.00,True,2025-11-02 04:23:42.884752+00:00
0,False,6,72.00,-0.20,-576000.00,True,2025-11-02 04:23:42.904363+00:00
1,True,3,198.00,0.20,2336400.00,True,2025-11-02 04:23:42.867582+00:00
0,False,4,40.00,0.00,0.00,False,2025-11-02 04:23:42.918839+00:00
0,True,5,47.00,-0.10,-188000.00,True,2025-11-02 04:23:42.856100+00:00
1,False,8,137.00,-0.20,-1616600.00,True,2025-11-02 04:23:42.921846+00:00
1,False,0,57.00,-0.20,-672600.00,True,2025-11-02 04:23:42.929074+00:00
1,False,1,106.00,0.20,0.00,False,2025-11-02 04:23:42.911975+00:00
1,False,1,153.00,0.10,902700.00,True,2025-11-02 04:23:42.916330+00:00
0,False,1,57.00,0.10,228000.00,True,2025-11-02 04:23:42.866073+00:00
0,False,0,65.00,0.00,0.00,False,2025-11-02 04:23:42.865063+00:00
0,False,5,94.00,-0.10,-376000.00,True,2025-11-02 04:23:42.930253+00:00
0,True,3,123.00,0.10,0.00,False,2025-11-02 04:23:42.906466+00:00
1,False,4,192.00,0.20,2265600.00,True,2025-11-02 04:23:42.849573+00:00
1,True,8,175.00,-0.10,-1032500.00,True,2025-11-02 04:23:42.879298+00:00
0,False,1,146.00,0.20,0.00,False,2025-11-02 04:23:42.830903+00:00
0,False,9,132.00,0.20,1056000.00,True,2025-11-02 04:23:42.871591+00:00
0,False,3,113.00,0.20,904000.00,True,2025-11-02 04:23:42.916330+00:00
0,False,7,200.00,-0.20,-1600000.00,True,2025-11-02 04:23:42.916330+00:00
0,False,4,121.00,0.00,0.00,False,2025-11-02 04:23:42.917839+00:00
0,False,7,169.00,-0.20,-1352000.00,True,2025-11-02 04:23:42.929074+00:00
0,False,5,136.00,-0.10,-544000.00,True,2025-11-02 04:23:42.854098+00:00
0,True,5,156.00,-0.20,-1248000.00,True,2025-11-02 04:23:42.923542+00:00
1,False,4,48.00,0.10,0.00,False,2025-11-02 04:23:42.904363+00:00
0,True,7,167.00,0.00,0.00,True,2025-11-02 04:23:42.873288+00:00
0,True,2,143.00,0.20,1144000.00,True,2025-11-02 04:23:42.866073+00:00
1,False,3,158.00,0.20,1864400.00,True,2025-11-02 04:23:42.882238+00:00
0,False,7,32.00,0.00,0.00,False,2025-11-02 04:23:42.901852+00:00
0,True,6,43.00,0.00,0.00,True,2025-11-02 04:23:42.835451+00:00
0,False,2,35.00,-0.20,-280000.00,True,2025-11-02 04:23:42.925552+00:00
1,False,0,25.00,0.00,0.00,True,2025-11-02 04:23:42.833434+00:00
1,False,0,198.00,-0.20,0.00,False,2025-11-02 04:23:42.876296+00:00
0,False,4,113.00,-0.20,-904000.00,True,2025-11-02 04:23:42.885755+00:00
0,False,1,114.00,0.20,912000.00,True,2025-11-02 04:23:42.896339+00:00
0,False,0,122.00,0.00,0.00,True,2025-11-02 04:23:42.911975+00:00
0,True,7,94.00,-0.20,-752000.00,True,2025-11-02 04:23:42.898852+00:00
0,False,4,194.00,0.20,1552000.00,True,2025-11-02 04:23:42.889268+00:00
0,False,4,67.00,0.20,536000.00,True,2025-11-02 04:23:42.909975+00:00
0,False,3,169.00,0.00,0.00,True,2025-11-02 04:23:42.918839+00:00
0,False,4,85.00,-0.20,-680000.00,True,2025-11-02 04:23:42.867582+00:00
0,False,4,83.00,0.20,0.00,False,2025-11-02 04:23:42.895331+00:00
1,False,2,73.00,0.20,0.00,False,2025-11-02 04:23:42.889268+00:00
0,False,3,155.00,0.10,620000.00,True,2025-11-02 04:23:42.910975+00:00
0,True,5,197.00,0.20,1576000.00,True,2025-11-02 04:23:42.909975+00:00
1,False,2,141.00,0.10,831900.00,True,2025-11-02 04:23:42.875295+00:00
0,False,4,166.00,-0.10,-664000.00,True,2025-11-02 04:23:42.929074+00:00
0,False,7,141.00,-0.10,-564000.00,True,2025-11-02 04:23:42.904363+00:00
0,False,6,110.00,0.10,440000.00,True,2025-11-02 04:23:42.877294+00:00
1,False,7,73.00,0.20,861400.00,True,2025-11-02 04:23:42.870592+00:00
0,True,2,198.00,-0.10,-792000.00,True,2025-11-02 04:23:42.919840+00:00
1,False,5,43.00,-0.10,-253700.00,True,2025-11-02 04:23:42.877294+00:00
0,True,6,58.00,-0.20,-464000.00,True,2025-11-02 04:23:42.831919+00:00
1,False,0,94.00,0.10,554600.00,True,2025-11-02 04:23:42.908975+00:00
0,False,4,164.00,0.20,1312000.00,True,2025-11-02 04:23:42.915319+00:00
0,False,3,118.00,0.00,0.00,True,2025-11-02 04:23:42.883238+00:00
0,False,4,62.00,-0.20,-496000.00,True,2025-11-02 04:23:42.917839+00:00
0,True,0,43.00,0.00,0.00,True,2025-11-02 04:23:42.926555+00:00
0,False,4,111.00,-0.10,-444000.00,True,2025-11-02 04:23:42.913484+00:00
0,False,2,109.00,0.20,872000.00,True,2025-11-02 04:23:42.890267+00:00
1,False,4,50.00,0.20,590000.00,True,2025-11-02 04:23:42.833434+00:00
0,False,3,115.00,0.10,460000.00,True,2025-11-02 04:23:42.928061+00:00
0,False,6,146.00,-0.20,-1168000.00,True,2025-11-02 04:23:42.911975+00:00
0,True,3,58.00,0.00,0.00,True,2025-11-02 04:23:42.884752+00:00
0,True,4,190.00,0.20,1520000.00,True,2025-11-02 04:23:42.890267+00:00
1,True,7,56.00,-0.10,-330400.00,True,2025-11-02 04:23:42.883746+00:00
1,False,1,155.00,0.20,0.00,False,2025-11-02 04:23:42.861622+00:00
0,True,6,28.00,0.20,224000.00,True,2025-11-02 04:23:42.867582+00:00
0,True,7,91.00,-0.20,-728000.00,True,2025-11-02 04:23:42.881243+00:00
0,True,1,120.00,-0.20,-960000.00,True,2025-11-02 04:23:42.897340+00:00
0,False,2,140.00,0.00,0.00,True,2025-11-02 04:23:42.837496+00:00
0,False,5,96.00,0.00,0.00,True,2025-11-02 04:23:42.888263+00:00
0,True,4,163.00,-0.20,-1304000.00,True,2025-11-02 04:23:42.920840+00:00
0,False,6,92.00,-0.10,0.00,False,2025-11-02 04:23:42.860622+00:00
1,False,3,179.00,0.00,0.00,False,2025-11-02 04:23:42.928061+00:00
0,True,2,183.00,0.00,0.00,True,2025-11-02 04:23:42.853085+00:00
1,True,0,37.00,-0.20,0.00,False,2025-11-02 04:23:42.923542+00:00
0,True,8,79.00,-0.10,-316000.00,True,2025-11-02 04:23:42.856100+00:00
0,False,2,82.00,0.20,0.00,False,2025-11-02 04:23:42.835451+00:00
1,False,1,114.00,0.10,0.00,False,2025-11-02 04:23:42.894773+00:00
0,False,2,150.00,-0.10,-600000.00,True,2025-11-02 04:23:42.855101+00:00
0,True,7,170.00,0.20,1360000.00,True,2025-11-02 04:23:42.903356+00:00
0,False,4,126.00,0.10,0.00,False,2025-11-02 04:23:42.892264+00:00
0,True,4,194.00,0.10,776000.00,True,2025-11-02 04:23:42.893772+00:00
1,True,9,88.00,-0.20,-1038400.00,True,2025-11-02 04:23:42.905467+00:00
1,True,4,138.00,0.00,0.00,True,2025-11-02 04:23:42.883746+00:00
1,False,2,63.00,-0.10,-371700.00,True,2025-11-02 04:23:42.897851+00:00
0,False,4,127.00,0.00,0.00,True,2025-11-02 04:23:42.884752+00:00
0,False,0,83.00,-0.10,0.00,False,2025-11-02 04:23:42.881243+00:00
0,True,3,80.00,0.20,640000.00,True,2025-11-02 04:23:42.903356+00:00
1,True,2,38.00,-0.10,-224200.00,True,2025-11-02 04:23:42.895331+00:00
0,True,2,27.00,0.10,108000.00,True,2025-11-02 04:23:42.873288+00:00
1,True,3,160.00,-0.10,-944000.00,True,2025-11-02 04:23:42.900852+00:00
0,False,4,131.00,-0.20,-1048000.00,True,2025-11-02 04:23:42.838510+00:00
0,True,3,120.00,0.10,480000.00,True,2025-11-02 04:23:42.909975+00:00
0,True,8,34.00,-0.10,-136000.00,True,2025-11-02 04:23:42.851573+00:00
1,False,3,112.00,-0.20,-1321600.00,True,2025-11-02 04:23:42.886752+00:00
1,False,5,154.00,0.10,0.00,False,2025-11-02 04:23:42.854098+00:00
0,False,3,158.00,0.10,632000.00,True,2025-11-02 04:23:42.907461+00:00
0,True,5,69.00,0.00,0.00,True,2025-11-02 04:23:42.904363+00:00
1,False,3,74.00,-0.20,-873200.00,True,2025-11-02 04:23:42.891264+00:00
1,False,5,89.00,0.20,1050200.00,True,2025-11-02 04:23:42.916330+00:00
0,True,7,88.00,-0.20,-704000.00,True,2025-11-02 04:23:42.883238+00:00
0,True,1,148.00,0.20,1184000.00,True,2025-11-02 04:23:42.897851+00:00
0,False,6,119.00,0.10,476000.00,True,2025-11-02 04:23:42.830903+00:00
0,False,9,127.00,-0.20,0.00,False,2025-11-02 04:23:42.929074+00:00
1,False,6,91.00,-0.20,-1073800.00,True,2025-11-02 04:23:42.897851+00:00
1,False,5,47.00,0.00,0.00,False,2025-11-02 04:23:42.908975+00:00
0,False,5,25.00,0.10,100000.00,True,2025-11-02 04:23:42.870592+00:00
1,False,9,90.00,0.00,0.00,True,2025-11-02 04:23:42.903356+00:00
0,False,4,103.00,0.10,412000.00,True,2025-11-02 04:23:42.863132+00:00
0,True,4,67.00,-0.20,-536000.00,True,2025-11-02 04:23:42.901852+00:00
0,False,3,78.00,0.10,0.00,False,2025-11-02 04:23:42.835451+00:00
0,False,5,25.00,0.20,200000.00,True,2025-11-02 04:23:42.874300+00:00
0,False,2,179.00,0.20,1432000.00,True,2025-11-02 04:23:42.871591+00:00
0,False,3,87.00,0.20,696000.00,True,2025-11-02 04:23:42.925552+00:00
0,False,6,197.00,0.20,1576000.00,True,2025-11-02 04:23:42.856100+00:00
1,False,2,149.00,0.20,0.00,False,2025-11-02 04:23:42.856100+00:00
0,False,7,48.00,0.20,384000.00,True,2025-11-02 04:23:42.892264+00:00
0,True,2,60.00,0.10,240000.00,True,2025-11-02 04:23:42.913484+00:00
0,False,6,81.00,-0.10,-324000.00,True,2025-11-02 04:23:42.843031+00:00
0,False,8,75.00,-0.10,-300000.00,True,2025-11-02 04:23:42.838510+00:00
0,False,6,162.00,-0.20,-1296000.00,True,2025-11-02 04:23:42.843031+00:00
0,False,4,110.00,-0.20,-880000.00,True,2025-11-02 04:23:42.870592+00:00
0,True,7,135.00,0.00,0.00,True,2025-11-02 04:23:42.913484+00:00
1,False,4,104.00,-0.20,-1227200.00,True,2025-11-02 04:23:42.859626+00:00
1,False,4,99.00,0.10,584100.00,True,2025-11-02 04:23:42.892264+00:00
0,False,5,30.00,-0.10,-120000.00,True,2025-11-02 04:23:42.841512+00:00
0,False,6,57.00,0.00,0.00,True,2025-11-02 04:23:42.840510+00:00
0,False,1,66.00,0.00,0.00,True,2025-11-02 04:23:42.846045+00:00
0,False,3,111.00,0.20,888000.00,True,2025-11-02 04:23:42.851573+00:00
1,True,3,25.00,0.20,295000.00,True,2025-11-02 04:23:42.925552+00:00
0,False,4,78.00,-0.20,-624000.00,True,2025-11-02 04:23:42.887752+00:00
0,False,5,178.00,0.20,0.00,False,2025-11-02 04:23:42.921846+00:00
1,False,8,153.00,-0.20,-1805400.00,True,2025-11-02 04:23:42.858630+00:00
0,False,7,151.00,-0.10,0.00,False,2025-11-02 04:23:42.907461+00:00
0,True,7,171.00,-0.20,-1368000.00,True,2025-11-02 04:23:42.850573+00:00
1,True,5,132.00,-0.20,-1557600.00,True,2025-11-02 04:23:42.926555+00:00
0,True,2,152.00,-0.10,-608000.00,True,2025-11-02 04:23:42.856100+00:00
1,True,10,167.00,0.10,0.00,False,2025-11-02 04:23:42.883746+00:00
0,True,9,37.00,-0.20,-296000.00,True,2025-11-02 04:23:42.853085+00:00
0,False,5,94.00,0.00,0.00,True,2025-11-02 04:23:42.906466+00:00
1,False,1,115.00,-0.20,-1357000.00,True,2025-11-02 04:23:42.899852+00:00
0,True,5,123.00,0.00,0.00,True,2025-11-02 04:23:42.885755+00:00
0,False,1,101.00,-0.20,-808000.00,True,2025-11-02 04:23:42.888263+00:00
0,False,7,191.00,-0.20,-1528000.00,True,2025-11-02 04:23:42.838510+00:00
1,False,6,96.00,0.20,1132800.00,True,2025-11-02 04:23:42.896339+00:00
0,False,0,46.00,-0.20,0.00,False,2025-11-02 04:23:42.905467+00:00
0,False,0,38.00,0.10,0.00,False,2025-11-02 04:23:42.833434+00:00
1,True,0,99.00,-0.20,-1168200.00,True,2025-11-02 04:23:42.923542+00:00
0,False,7,172.00,0.20,1376000.00,True,2025-11-02 04:23:42.834449+00:00
0,True,3,44.00,0.10,176000.00,True,2025-11-02 04:23:42.865063+00:00
0,False,2,98.00,-0.20,-784000.00,True,2025-11-02 04:23:42.861622+00:00
1,True,0,122.00,0.20,0.00,False,2025-11-02 04:23:42.886752+00:00
0,True,4,27.00,0.10,0.00,False,2025-11-02 04:23:42.904363+00:00
0,False,1,98.00,0.00,0.00,True,2025-11-02 04:23:42.868593+00:00
0,False,5,190.00,-0.10,0.00,False,2025-11-02 04:23:42.894773+00:00
1,False,3,137.00,-0.20,-1616600.00,True,2025-11-02 04:23:42.863132+00:00
1,True,2,137.00,0.10,808300.00,True,2025-11-02 04:23:42.899852+00:00
0,False,0,112.00,-0.20,-896000.00,True,2025-11-02 04:23:42.869591+00:00
0,False,4,158.00,0.10,0.00,False,2025-11-02 04:23:42.875295+00:00
0,True,5,111.00,0.10,444000.00,True,2025-11-02 04:23:42.850573+00:00
0,True,6,121.00,0.20,968000.00,True,2025-11-02 04:23:42.855411+00:00
0,True,8,77.00,-0.20,-616000.00,True,2025-11-02 04:23:42.880232+00:00
1,True,3,53.00,-0.10,-312700.00,True,2025-11-02 04:23:42.912975+00:00
0,False,7,140.00,0.00,0.00,True,2025-11-02 04:23:42.910975+00:00
0,True,7,194.00,0.10,776000.00,True,2025-11-02 04:23:42.904363+00:00
1,False,5,173.00,0.10,1020700.00,True,2025-11-02 04:23:42.871591+00:00
0,False,9,193.00,0.10,772000.00,True,2025-11-02 04:23:42.835451+00:00
0,False,0,45.00,-0.20,-360000.00,True,2025-11-02 04:23:42.885755+00:00
0,True,3,68.00,-0.20,-544000.00,True,2025-11-02 04:23:42.929074+00:00
0,False,2,199.00,-0.20,-1592000.00,True,2025-11-02 04:23:42.928061+00:00
1,False,1,133.00,-0.20,0.00,False,2025-11-02 04:23:42.900852+00:00
0,True,7,157.00,0.00,0.00,True,2025-11-02 04:23:42.860622+00:00
0,False,0,99.00,-0.10,-396000.00,True,2025-11-02 04:23:42.878294+00:00
1,False,5,21.00,0.20,0.00,False,2025-11-02 04:23:42.930253+00:00
1,True,3,184.00,0.00,0.00,True,2025-11-02 04:23:42.897851+00:00
0,False,2,36.00,-0.10,0.00,False,2025-11-02 04:23:42.906466+00:00
0,False,4,90.00,0.10,360000.00,True,2025-11-02 04:23:42.916330+00:00
0,True,13,197.00,0.20,1576000.00,True,2025-11-02 04:23:42.871591+00:00
1,False,4,132.00,0.10,0.00,False,2025-11-02 04:23:42.883238+00:00
0,False,0,200.00,0.20,0.00,False,2025-11-02 04:23:42.848571+00:00
0,True,4,160.00,-0.20,-1280000.00,True,2025-11-02 04:23:42.897851+00:00
0,False,3,71.00,-0.20,-568000.00,True,2025-11-02 04:23:42.866073+00:00
0,False,3,197.00,0.10,788000.00,True,2025-11-02 04:23:42.913484+00:00
0,False,1,106.00,0.20,848000.00,True,2025-11-02 04:23:42.903356+00:00
0,False,2,194.00,0.20,1552000.00,True,2025-11-02 04:23:42.910975+00:00
1,True,3,125.00,0.10,737500.00,True,2025-11-02 04:23:42.923542+00:00
0,False,5,133.00,0.00,0.00,True,2025-11-02 04:23:42.907975+00:00
0,False,9,95.00,0.10,0.00,False,2025-11-02 04:23:42.865063+00:00
0,False,1,188.00,0.20,1504000.00,True,2025-11-02 04:23:42.867073+00:00
0,True,3,99.00,-0.20,-792000.00,True,2025-11-02 04:23:42.856100+00:00
1,False,9,166.00,0.10,0.00,False,2025-11-02 04:23:42.892264+00:00
0,False,5,38.00,0.10,0.00,False,2025-11-02 04:23:42.886752+00:00
1,False,5,131.00,-0.20,0.00,False,2025-11-02 04:23:42.837496+00:00
0,False,6,138.00,-0.20,-1104000.00,True,2025-11-02 04:23:42.888263+00:00
1,False,6,100.00,0.20,0.00,False,2025-11-02 04:23:42.916330+00:00
1,False,6,29.00,0.20,342200.00,True,2025-11-02 04:23:42.836965+00:00
0,False,1,79.00,-0.10,-316000.00,True,2025-11-02 04:23:42.891264+00:00
0,False,1,75.00,-0.10,0.00,False,2025-11-02 04:23:42.913484+00:00
0,True,2,182.00,-0.10,-728000.00,True,2025-11-02 04:23:42.917325+00:00
0,True,2,104.00,-0.10,-416000.00,True,2025-11-02 04:23:42.851573+00:00
0,True,7,137.00,0.20,1096000.00,True,2025-11-02 04:23:42.884752+00:00
0,False,6,160.00,0.00,0.00,True,2025-11-02 04:23:42.901852+00:00
0,True,4,164.00,-0.10,-656000.00,True,2025-11-02 04:23:42.912975+00:00
0,False,1,148.00,0.10,0.00,False,2025-11-02 04:23:42.926555+00:00
0,False,2,136.00,-0.20,-1088000.00,True,2025-11-02 04:23:42.841512+00:00
1,False,7,120.00,0.20,1416000.00,True,2025-11-02 04:23:42.845047+00:00
0,False,4,171.00,0.20,0.00,False,2025-11-02 04:23:42.929074+00:00
0,False,6,154.00,0.20,1232000.00,True,2025-11-02 04:23:42.926555+00:00
1,False,2,193.00,-0.20,-2277400.00,True,2025-11-02 04:23:42.861622+00:00
0,False,4,141.00,0.20,1128000.00,True,2025-11-02 04:23:42.882238+00:00
0,True,8,20.00,0.00,0.00,True,2025-11-02 04:23:42.885755+00:00
0,False,6,105.00,0.00,0.00,True,2025-11-02 04:23:42.882238+00:00
1,False,8,78.00,0.20,0.00,False,2025-11-02 04:23:42.903356+00:00
0,True,0,139.00,0.20,1112000.00,True,2025-11-02 04:23:42.903356+00:00
0,False,7,163.00,0.10,652000.00,True,2025-11-02 04:23:42.861622+00:00
0,False,3,135.00,0.10,540000.00,True,2025-11-02 04:23:42.905467+00:00
0,False,7,161.00,0.10,0.00,False,2025-11-02 04:23:42.855411+00:00
0,False,4,94.00,-0.20,-752000.00,True,2025-11-02 04:23:42.910975+00:00
0,True,1,140.00,-0.10,-560000.00,True,2025-11-02 04:23:42.901852+00:00
0,False,1,134.00,0.00,0.00,True,2025-11-02 04:23:42.851573+00:00
1,True,6,64.00,0.10,377600.00,True,2025-11-02 04:23:42.847557+00:00
0,False,7,166.00,-0.10,-664000.00,True,2025-11-02 04:23:42.925552+00:00
1,False,5,127.00,-0.20,-1498600.00,True,2025-11-02 04:23:42.867582+00:00
0,False,2,196.00,0.10,784000.00,True,2025-11-02 04:23:42.892264+00:00
0,False,5,198.00,-0.20,-1584000.00,True,2025-11-02 04:23:42.890267+00:00
1,False,3,61.00,-0.10,-359900.00,True,2025-11-02 04:23:42.869591+00:00
0,True,3,191.00,0.00,0.00,True,2025-11-02 04:23:42.861622+00:00
0,True,1,117.00,-0.10,-468000.00,True,2025-11-02 04:23:42.878294+00:00
0,True,7,148.00,0.10,592000.00,True,2025-11-02 04:23:42.839511+00:00
0,True,7,142.00,-0.10,-568000.00,True,2025-11-02 04:23:42.915319+00:00
0,True,7,148.00,-0.20,-1184000.00,True,2025-11-02 04:23:42.889268+00:00
1,False,3,41.00,0.20,0.00,False,2025-11-02 04:23:42.882238+00:00
0,True,8,76.00,0.00,0.00,True,2025-11-02 04:23:42.883238+00:00
1,False,3,47.00,-0.10,-277300.00,True,2025-11-02 04:23:42.901852+00:00
0,True,6,137.00,-0.20,-1096000.00,True,2025-11-02 04:23:42.893772+00:00
0,False,5,69.00,-0.10,-276000.00,True,2025-11-02 04:23:42.840510+00:00
1,False,10,52.00,0.00,0.00,True,2025-11-02 04:23:42.871591+00:00
1,False,0,73.00,-0.20,-861400.00,True,2025-11-02 04:23:42.853085+00:00
1,False,5,52.00,-0.20,-613600.00,True,2025-11-02 04:23:42.907461+00:00
0,False,5,110.00,-0.20,-880000.00,True,2025-11-02 04:23:42.847557+00:00
1,False,7,108.00,-0.20,0.00,False,2025-11-02 04:23:42.847557+00:00
1,True,3,186.00,-0.20,-2194800.00,True,2025-11-02 04:23:42.891264+00:00
0,False,7,40.00,-0.10,-160000.00,True,2025-11-02 04:23:42.893772+00:00
0,False,5,143.00,0.00,0.00,False,2025-11-02 04:23:42.881243+00:00
1,False,10,180.00,0.10,1062000.00,True,2025-11-02 04:23:42.900852+00:00
1,True,5,171.00,0.10,0.00,False,2025-11-02 04:23:42.899852+00:00
0,False,9,194.00,-0.10,-776000.00,True,2025-11-02 04:23:42.873288+00:00
1,True,9,115.00,-0.10,-678500.00,True,2025-11-02 04:23:42.926555+00:00
1,False,4,82.00,-0.10,-483800.00,True,2025-11-02 04:23:42.900852+00:00
1,False,6,175.00,0.10,1032500.00,True,2025-11-02 04:23:42.857612+00:00
1,False,6,191.00,-0.10,0.00,False,2025-11-02 04:23:42.912975+00:00
1,True,6,32.00,-0.20,-377600.00,True,2025-11-02 04:23:42.925552+00:00
0,False,3,192.00,0.00,0.00,True,2025-11-02 04:23:42.831919+00:00
0,True,6,61.00,0.10,244000.00,True,2025-11-02 04:23:42.900852+00:00
0,True,0,157.00,0.00,0.00,True,2025-11-02 04:23:42.886752+00:00
1,True,6,34.00,0.10,0.00,False,2025-11-02 04:23:42.897851+00:00
0,False,5,57.00,0.20,456000.00,True,2025-11-02 04:23:42.898852+00:00
1,False,4,188.00,-0.10,-1109200.00,True,2025-11-02 04:23:42.901852+00:00
0,False,5,63.00,0.10,252000.00,True,2025-11-02 04:23:42.924555+00:00
0,True,2,40.00,0.10,160000.00,True,2025-11-02 04:23:42.905467+00:00
0,False,8,143.00,-0.10,0.00,False,2025-11-02 04:23:42.873288+00:00
0,False,3,99.00,0.00,0.00,True,2025-11-02 04:23:42.908975+00:00
0,False,3,181.00,0.20,0.00,False,2025-11-02 04:23:42.841512+00:00
0,True,12,75.00,0.10,300000.00,True,2025-11-02 04:23:42.871591+00:00
0,True,1,90.00,0.00,0.00,True,2025-11-02 04:23:42.839511+00:00
0,False,1,124.00,-0.10,-496000.00,True,2025-11-02 04:23:42.899852+00:00
1,False,4,132.00,-0.10,-778800.00,True,2025-11-02 04:23:42.907975+00:00
1,False,6,67.00,-0.20,0.00,False,2025-11-02 04:23:42.858630+00:00
0,False,8,80.00,0.20,640000.00,True,2025-11-02 04:23:42.899852+00:00
0,True,3,178.00,0.00,0.00,True,2025-11-02 04:23:42.880232+00:00
0,True,7,195.00,-0.10,-780000.00,True,2025-11-02 04:23:42.865063+00:00
1,False,0,80.00,0.00,0.00,True,2025-11-02 04:23:42.839511+00:00
0,False,7,191.00,-0.20,-1528000.00,True,2025-11-02 04:23:42.835451+00:00
1,False,6,39.00,0.00,0.00,True,2025-11-02 04:23:42.889268+00:00
0,False,6,65.00,0.10,260000.00,True,2025-11-02 04:23:42.904363+00:00
1,True,4,169.00,-0.20,-1994200.00,True,2025-11-02 04:23:42.837496+00:00
0,True,4,98.00,-0.10,-392000.00,True,2025-11-02 04:23:42.868593+00:00
0,True,3,96.00,0.10,384000.00,True,2025-11-02 04:23:42.893772+00:00
0,True,1,166.00,0.20,0.00,False,2025-11-02 04:23:42.926555+00:00
0,True,4,166.00,-0.20,-1328000.00,True,2025-11-02 04:23:42.844049+00:00
0,False,0,191.00,-0.10,0.00,False,2025-11-02 04:23:42.858630+00:00
0,False,1,63.00,-0.10,-252000.00,True,2025-11-02 04:23:42.833434+00:00
0,True,6,59.00,0.00,0.00,True,2025-11-02 04:23:42.915319+00:00
0,False,8,46.00,-0.10,-184000.00,True,2025-11-02 04:23:42.909975+00:00
0,True,8,48.00,-0.20,-384000.00,True,2025-11-02 04:23:42.878294+00:00
1,False,0,99.00,-0.20,-1168200.00,True,2025-11-02 04:23:42.846045+00:00
1,False,5,98.00,-0.20,-1156400.00,True,2025-11-02 04:23:42.919840+00:00
0,False,6,27.00,-0.10,-108000.00,True,2025-11-02 04:23:42.883746+00:00
0,True,7,94.00,-0.20,-752000.00,True,2025-11-02 04:23:42.869591+00:00
0,False,3,164.00,0.10,0.00,False,2025-11-02 04:23:42.851573+00:00
0,True,8,135.00,0.10,540000.00,True,2025-11-02 04:23:42.907975+00:00
1,False,1,53.00,0.00,0.00,True,2025-11-02 04:23:42.882238+00:00
0,True,5,36.00,-0.10,-144000.00,True,2025-11-02 04:23:42.929074+00:00
0,False,7,97.00,-0.20,-776000.00,True,2025-11-02 04:23:42.907975+00:00
1,False,5,52.00,-0.10,0.00,False,2025-11-02 04:23:42.899852+00:00
0,False,5,133.00,-0.20,-1064000.00,True,2025-11-02 04:23:42.925552+00:00
0,True,5,80.00,-0.10,-320000.00,True,2025-11-02 04:23:42.905467+00:00
0,False,7,30.00,0.20,240000.00,True,2025-11-02 04:23:42.926555+00:00
0,False,2,152.00,0.10,0.00,False,2025-11-02 04:23:42.893772+00:00
0,True,4,83.00,-0.20,-664000.00,True,2025-11-02 04:23:42.850573+00:00
0,False,3,159.00,0.00,0.00,True,2025-11-02 04:23:42.877294+00:00
0,False,1,134.00,0.00,0.00,True,2025-11-02 04:23:42.837496+00:00
1,False,8,160.00,0.20,0.00,False,2025-11-02 04:23:42.851573+00:00
0,False,4,27.00,0.20,216000.00,True,2025-11-02 04:23:42.906466+00:00
0,False,4,122.00,0.00,0.00,True,2025-11-02 04:23:42.847557+00:00
1,False,5,65.00,0.20,767000.00,True,2025-11-02 04:23:42.928061+00:00
0,False,1,143.00,0.20,1144000.00,True,2025-11-02 04:23:42.923542+00:00
1,False,7,183.00,-0.20,-2159400.00,True,2025-11-02 04:23:42.867582+00:00
0,True,3,138.00,0.20,1104000.00,True,2025-11-02 04:23:42.895331+00:00
0,False,7,45.00,0.10,0.00,False,2025-11-02 04:23:42.917839+00:00
0,True,4,62.00,0.20,496000.00,True,2025-11-02 04:23:42.891264+00:00
1,False,6,96.00,0.20,0.00,False,2025-11-02 04:23:42.897851+00:00
0,False,5,91.00,-0.20,-728000.00,True,2025-11-02 04:23:42.860622+00:00
1,False,4,55.00,0.20,0.00,False,2025-11-02 04:23:42.834449+00:00
1,False,1,117.00,0.00,0.00,False,2025-11-02 04:23:42.890267+00:00
0,False,3,182.00,0.10,0.00,False,2025-11-02 04:23:42.921846+00:00
0,True,2,39.00,0.20,312000.00,True,2025-11-02 04:23:42.897340+00:00
1,True,0,182.00,-0.20,-2147600.00,True,2025-11-02 04:23:42.881243+00:00
0,False,8,45.00,-0.20,0.00,False,2025-11-02 04:23:42.925552+00:00
0,True,7,131.00,0.00,0.00,True,2025-11-02 04:23:42.928061+00:00
1,False,3,147.00,0.20,0.00,False,2025-11-02 04:23:42.926555+00:00
0,False,5,70.00,-0.10,-280000.00,True,2025-11-02 04:23:42.897851+00:00
0,False,9,180.00,0.10,0.00,False,2025-11-02 04:23:42.929074+00:00
1,False,0,54.00,-0.20,-637200.00,True,2025-11-02 04:23:42.898852+00:00
0,False,4,169.00,-0.10,-676000.00,True,2025-11-02 04:23:42.840510+00:00
1,False,9,101.00,0.20,1191800.00,True,2025-11-02 04:23:42.845047+00:00
0,False,3,58.00,0.00,0.00,False,2025-11-02 04:23:42.893264+00:00
0,False,2,131.00,0.10,524000.00,True,2025-11-02 04:23:42.867582+00:00
1,False,3,139.00,-0.10,-820100.00,True,2025-11-02 04:23:42.926555+00:00
0,False,9,56.00,0.10,0.00,False,2025-11-02 04:23:42.856100+00:00
1,False,9,76.00,0.10,0.00,False,2025-11-02 04:23:42.835451+00:00
0,False,4,62.00,0.10,248000.00,True,2025-11-02 04:23:42.895331+00:00
0,True,7,118.00,0.20,944000.00,True,2025-11-02 04:23:42.921846+00:00
0,False,7,195.00,0.00,0.00,True,2025-11-02 04:23:42.844049+00:00
0,False,7,116.00,0.00,0.00,True,2025-11-02 04:23:42.908975+00:00
0,False,9,28.00,0.20,224000.00,True,2025-11-02 04:23:42.907975+00:00
0,False,1,165.00,-0.10,-660000.00,True,2025-11-02 04:23:42.926555+00:00
0,False,5,193.00,0.00,0.00,True,2025-11-02 04:23:42.910975+00:00
0,False,0,57.00,0.00,0.00,False,2025-11-02 04:23:42.885755+00:00
1,False,1,71.00,0.00,0.00,True,2025-11-02 04:23:42.846045+00:00
0,True,8,179.00,0.10,716000.00,True,2025-11-02 04:23:42.846045+00:00
0,False,6,135.00,0.20,1080000.00,True,2025-11-02 04:23:42.861622+00:00
0,True,8,185.00,0.20,1480000.00,True,2025-11-02 04:23:42.923542+00:00
0,False,8,99.00,0.00,0.00,True,2025-11-02 04:23:42.893772+00:00
0,False,3,120.00,0.00,0.00,True,2025-11-02 04:23:42.892264+00:00
0,True,5,97.00,0.20,776000.00,True,2025-11-02 04:23:42.895331+00:00
1,True,10,88.00,-0.20,-1038400.00,True,2025-11-02 04:23:42.857612+00:00
0,False,5,78.00,0.20,624000.00,True,2025-11-02 04:23:42.870592+00:00
1,False,2,161.00,-0.10,0.00,False,2025-11-02 04:23:42.925552+00:00
1,True,2,35.00,-0.10,-206500.00,True,2025-11-02 04:23:42.891264+00:00
0,True,10,123.00,-0.10,-492000.00,True,2025-11-02 04:23:42.861622+00:00
0,False,2,199.00,0.10,0.00,False,2025-11-02 04:23:42.893264+00:00
0,False,4,138.00,-0.20,-1104000.00,True,2025-11-02 04:23:42.908975+00:00
0,False,4,197.00,-0.20,-1576000.00,True,2025-11-02 04:23:42.886752+00:00
0,True,2,70.00,0.20,560000.00,True,2025-11-02 04:23:42.918839+00:00
1,True,2,168.00,-0.10,-991200.00,True,2025-11-02 04:23:42.920840+00:00
0,True,4,194.00,0.20,0.00,False,2025-11-02 04:23:42.838510+00:00
1,False,9,77.00,0.00,0.00,True,2025-11-02 04:23:42.918839+00:00
0,False,4,150.00,0.00,0.00,False,2025-11-02 04:23:42.877294+00:00
0,False,5,34.00,0.10,136000.00,True,2025-11-02 04:23:42.917839+00:00
1,False,9,178.00,0.20,0.00,False,2025-11-02 04:23:42.880232+00:00
0,False,2,174.00,0.20,0.00,False,2025-11-02 04:23:42.835451+00:00
0,False,8,189.00,0.10,756000.00,True,2025-11-02 04:23:42.916330+00:00
1,True,5,88.00,0.20,0.00,False,2025-11-02 04:23:42.849573+00:00
0,True,4,127.00,-0.20,-1016000.00,True,2025-11-02 04:23:42.874300+00:00
0,False,9,178.00,0.10,712000.00,True,2025-11-02 04:23:42.878294+00:00
1,False,4,111.00,0.10,654900.00,True,2025-11-02 04:23:42.917839+00:00
0,True,7,44.00,0.10,176000.00,True,2025-11-02 04:23:42.900852+00:00
0,True,3,200.00,0.20,1600000.00,True,2025-11-02 04:23:42.840510+00:00
1,False,8,139.00,0.00,0.00,True,2025-11-02 04:23:42.904363+00:00
0,True,2,52.00,0.20,416000.00,True,2025-11-02 04:23:42.921846+00:00
0,False,4,89.00,0.20,712000.00,True,2025-11-02 04:23:42.923542+00:00
0,False,3,85.00,0.00,0.00,False,2025-11-02 04:23:42.918839+00:00
0,True,8,175.00,-0.10,-700000.00,True,2025-11-02 04:23:42.865063+00:00
1,True,6,71.00,0.10,418900.00,True,2025-11-02 04:23:42.917839+00:00
0,False,3,199.00,-0.10,-796000.00,True,2025-11-02 04:23:42.906466+00:00
0,True,5,177.00,-0.10,-708000.00,True,2025-11-02 04:23:42.863132+00:00
1,True,3,191.00,0.10,1126900.00,True,2025-11-02 04:23:42.893772+00:00
0,False,2,124.00,0.10,496000.00,True,2025-11-02 04:23:42.909975+00:00
0,False,6,95.00,-0.10,-380000.00,True,2025-11-02 04:23:42.896339+00:00
1,True,1,50.00,0.20,590000.00,True,2025-11-02 04:23:42.907975+00:00
0,False,7,147.00,0.10,0.00,False,2025-11-02 04:23:42.901852+00:00
0,True,2,119.00,0.10,476000.00,True,2025-11-02 04:23:42.835451+00:00
1,False,8,145.00,0.00,0.00,False,2025-11-02 04:23:42.888263+00:00
0,False,3,71.00,0.10,284000.00,True,2025-11-02 04:23:42.877294+00:00
1,True,10,146.00,-0.10,-861400.00,True,2025-11-02 04:23:42.916330+00:00
0,False,0,53.00,-0.20,0.00,False,2025-11-02 04:23:42.881243+00:00
0,False,2,38.00,0.20,304000.00,True,2025-11-02 04:23:42.928061+00:00
0,False,8,50.00,0.20,0.00,False,2025-11-02 04:23:42.864143+00:00
0,False,1,197.00,0.20,0.00,False,2025-11-02 04:23:42.909975+00:00
0,True,9,32.00,0.00,0.00,True,2025-11-02 04:23:42.851573+00:00
0,False,5,43.00,0.20,0.00,False,2025-11-02 04:23:42.893772+00:00
0,True,5,58.00,0.20,464000.00,True,2025-11-02 04:23:42.916330+00:00
1,False,3,116.00,0.00,0.00,True,2025-11-02 04:23:42.856100+00:00
0,False,1,27.00,0.10,0.00,False,2025-11-02 04:23:42.868593+00:00
0,False,3,160.00,-0.10,-640000.00,True,2025-11-02 04:23:42.914486+00:00
0,True,1,118.00,0.00,0.00,True,2025-11-02 04:23:42.919840+00:00
0,True,8,192.00,-0.10,-768000.00,True,2025-11-02 04:23:42.845047+00:00
0,False,5,23.00,0.00,0.00,False,2025-11-02 04:23:42.894773+00:00
0,False,9,168.00,0.20,1344000.00,True,2025-11-02 04:23:42.916330+00:00
0,False,4,171.00,0.10,684000.00,True,2025-11-02 04:23:42.924555+00:00
0,False,2,200.00,-0.10,-800000.00,True,2025-11-02 04:23:42.844049+00:00
0,False,5,90.00,0.20,720000.00,True,2025-11-02 04:23:42.834449+00:00
0,False,1,50.00,-0.10,-200000.00,True,2025-11-02 04:23:42.890267+00:00
1,False,5,123.00,-0.10,-725700.00,True,2025-11-02 04:23:42.887752+00:00
0,True,4,141.00,0.10,564000.00,True,2025-11-02 04:23:42.896339+00:00
0,False,3,80.00,0.10,320000.00,True,2025-11-02 04:23:42.915319+00:00
0,True,3,20.00,-0.10,-80000.00,True,2025-11-02 04:23:42.889268+00:00
1,True,3,48.00,0.10,283200.00,True,2025-11-02 04:23:42.837496+00:00
0,False,3,26.00,-0.20,-208000.00,True,2025-11-02 04:23:42.888263+00:00
0,False,4,20.00,-0.10,-80000.00,True,2025-11-02 04:23:42.861622+00:00
0,False,5,178.00,0.10,712000.00,True,2025-11-02 04:23:42.850573+00:00
1,True,6,112.00,0.20,0.00,False,2025-11-02 04:23:42.882238+00:00
0,False,8,94.00,0.10,0.00,False,2025-11-02 04:23:42.919840+00:00
0,False,5,78.00,0.10,312000.00,True,2025-11-02 04:23:42.892264+00:00
0,True,8,20.00,-0.20,-160000.00,True,2025-11-02 04:23:42.844049+00:00
1,True,6,56.00,0.00,0.00,True,2025-11-02 04:23:42.834449+00:00
0,False,6,165.00,-0.10,-660000.00,True,2025-11-02 04:23:42.871591+00:00
0,False,7,152.00,0.00,0.00,True,2025-11-02 04:23:42.923542+00:00
1,True,8,41.00,-0.10,-241900.00,True,2025-11-02 04:23:42.913484+00:00
1,True,8,116.00,-0.20,-1368800.00,True,2025-11-02 04:23:42.892264+00:00
1,False,7,106.00,0.00,0.00,False,2025-11-02 04:23:42.897851+00:00
0,False,9,91.00,0.00,0.00,False,2025-11-02 04:23:42.903356+00:00
0,False,2,129.00,0.00,0.00,True,2025-11-02 04:23:42.912975+00:00
1,True,6,183.00,0.20,2159400.00,True,2025-11-02 04:23:42.884752+00:00
0,False,10,105.00,0.10,420000.00,True,2025-11-02 04:23:42.918839+00:00
0,True,4,56.00,0.00,0.00,True,2025-11-02 04:23:42.893772+00:00
1,False,6,178.00,0.20,2100400.00,True,2025-11-02 04:23:42.869591+00:00
0,False,1,111.00,0.10,444000.00,True,2025-11-02 04:23:42.830903+00:00
0,False,3,191.00,-0.20,-1528000.00,True,2025-11-02 04:23:42.857612+00:00
0,False,3,161.00,-0.10,-644000.00,True,2025-11-02 04:23:42.928061+00:00
0,False,8,51.00,-0.10,-204000.00,True,2025-11-02 04:23:42.898852+00:00
0,False,4,36.00,-0.20,-288000.00,True,2025-11-02 04:23:42.877294+00:00
0,False,6,100.00,-0.10,0.00,False,2025-11-02 04:23:42.924555+00:00
0,False,4,109.00,-0.10,-436000.00,True,2025-11-02 04:23:42.855411+00:00
0,False,9,88.00,0.20,704000.00,True,2025-11-02 04:23:42.867582+00:00
0,False,4,49.00,-0.20,-392000.00,True,2025-11-02 04:23:42.919840+00:00
0,False,2,88.00,0.20,704000.00,True,2025-11-02 04:23:42.929074+00:00
0,False,8,155.00,0.20,1240000.00,True,2025-11-02 04:23:42.836965+00:00
0,False,6,184.00,-0.10,-736000.00,True,2025-11-02 04:23:42.858630+00:00
0,True,3,80.00,0.20,640000.00,True,2025-11-02 04:23:42.850573+00:00
0,False,7,181.00,0.00,0.00,True,2025-11-02 04:23:42.901852+00:00
1,False,5,102.00,0.20,1203600.00,True,2025-11-02 04:23:42.896339+00:00
0,False,1,66.00,0.10,0.00,False,2025-11-02 04:23:42.866073+00:00
1,False,2,108.00,-0.10,-637200.00,True,2025-11-02 04:23:42.916330+00:00
1,False,4,75.00,-0.20,-885000.00,True,2025-11-02 04:23:42.926555+00:00
0,False,1,30.00,-0.20,0.00,False,2025-11-02 04:23:42.841512+00:00
0,False,4,69.00,0.20,0.00,False,2025-11-02 04:23:42.882238+00:00
0,False,3,164.00,-0.20,-1312000.00,True,2025-11-02 04:23:42.843031+00:00
0,False,4,32.00,0.00,0.00,True,2025-11-02 04:23:42.881243+00:00
1,False,7,147.00,-0.10,-867300.00,True,2025-11-02 04:23:42.864143+00:00
0,False,4,104.00,-0.10,-416000.00,True,2025-11-02 04:23:42.858630+00:00
0,False,2,183.00,-0.20,0.00,False,2025-11-02 04:23:42.910975+00:00
0,False,2,56.00,0.10,224000.00,True,2025-11-02 04:23:42.884752+00:00
0,False,3,102.00,-0.10,-408000.00,True,2025-11-02 04:23:42.899852+00:00
1,False,6,135.00,0.10,796500.00,True,2025-11-02 04:23:42.875295+00:00
0,False,8,26.00,0.20,208000.00,True,2025-11-02 04:23:42.911975+00:00
0,False,2,64.00,-0.10,0.00,False,2025-11-02 04:23:42.859626+00:00
0,False,2,75.00,-0.10,-300000.00,True,2025-11-02 04:23:42.878294+00:00
0,True,3,178.00,-0.20,-1424000.00,True,2025-11-02 04:23:42.911975+00:00
0,True,1,32.00,-0.10,-128000.00,True,2025-11-02 04:23:42.893772+00:00
0,False,2,130.00,0.00,0.00,False,2025-11-02 04:23:42.867582+00:00
0,True,6,84.00,-0.20,-672000.00,True,2025-11-02 04:23:42.914486+00:00
0,False,6,60.00,0.10,240000.00,True,2025-11-02 04:23:42.919840+00:00
0,False,2,185.00,0.20,1480000.00,True,2025-11-02 04:23:42.849573+00:00
1,True,6,49.00,-0.10,-289100.00,True,2025-11-02 04:23:42.903356+00:00
0,False,0,36.00,0.00,0.00,True,2025-11-02 04:23:42.914486+00:00
0,True,2,60.00,-0.10,-240000.00,True,2025-11-02 04:23:42.893264+00:00
1,False,5,99.00,0.00,0.00,False,2025-11-02 04:23:42.837496+00:00
0,False,5,115.00,0.00,0.00,True,2025-11-02 04:23:42.893772+00:00
0,False,9,88.00,0.10,352000.00,True,2025-11-02 04:23:42.864143+00:00
0,True,5,106.00,0.00,0.00,True,2025-11-02 04:23:42.859626+00:00
1,False,2,84.00,-0.10,-495600.00,True,2025-11-02 04:23:42.906466+00:00
0,False,3,133.00,0.00,0.00,True,2025-11-02 04:23:42.880232+00:00
0,False,3,172.00,0.00,0.00,True,2025-11-02 04:23:42.885755+00:00
0,False,1,159.00,-0.10,0.00,False,2025-11-02 04:23:42.919840+00:00
0,False,2,40.00,-0.20,-320000.00,True,2025-11-02 04:23:42.867073+00:00
0,False,4,121.00,-0.20,-968000.00,True,2025-11-02 04:23:42.871591+00:00
1,False,8,35.00,0.10,0.00,False,2025-11-02 04:23:42.917325+00:00
1,False,7,195.00,0.10,0.00,False,2025-11-02 04:23:42.875295+00:00
1,False,9,182.00,0.20,2147600.00,True,2025-11-02 04:23:42.888263+00:00
0,False,0,105.00,0.10,420000.00,True,2025-11-02 04:23:42.890267+00:00
0,True,4,101.00,-0.20,-808000.00,True,2025-11-02 04:23:42.895331+00:00
0,True,2,126.00,0.20,1008000.00,True,2025-11-02 04:23:42.889268+00:00
1,False,2,74.00,0.00,0.00,True,2025-11-02 04:23:42.906466+00:00
0,True,7,157.00,0.10,628000.00,True,2025-11-02 04:23:42.909975+00:00
0,True,7,181.00,0.10,724000.00,True,2025-11-02 04:23:42.914486+00:00
1,True,7,171.00,-0.10,0.00,False,2025-11-02 04:23:42.847557+00:00
0,False,5,27.00,-0.20,-216000.00,True,2025-11-02 04:23:42.913484+00:00
0,False,7,134.00,0.00,0.00,True,2025-11-02 04:23:42.855411+00:00
0,False,2,85.00,0.00,0.00,True,2025-11-02 04:23:42.901852+00:00
0,False,7,69.00,0.20,552000.00,True,2025-11-02 04:23:42.856100+00:00
0,False,8,198.00,0.00,0.00,True,2025-11-02 04:23:42.831919+00:00
0,False,4,67.00,-0.20,-536000.00,True,2025-11-02 04:23:42.875295+00:00
0,True,3,110.00,0.20,0.00,False,2025-11-02 04:23:42.876296+00:00
0,False,1,153.00,0.20,1224000.00,True,2025-11-02 04:23:42.915319+00:00
0,True,8,125.00,0.10,500000.00,True,2025-11-02 04:23:42.915319+00:00
0,False,6,53.00,-0.20,0.00,False,2025-11-02 04:23:42.899852+00:00
1,False,3,200.00,0.10,0.00,False,2025-11-02 04:23:42.854098+00:00
1,True,3,34.00,0.00,0.00,True,2025-11-02 04:23:42.847557+00:00
0,False,2,157.00,0.10,0.00,False,2025-11-02 04:23:42.866073+00:00
0,True,6,27.00,-0.20,-216000.00,True,2025-11-02 04:23:42.838510+00:00
0,False,5,22.00,0.00,0.00,True,2025-11-02 04:23:42.894773+00:00
0,False,9,46.00,0.20,368000.00,True,2025-11-02 04:23:42.900852+00:00
0,False,7,98.00,0.00,0.00,True,2025-11-02 04:23:42.924555+00:00
1,True,0,171.00,-0.20,0.00,False,2025-11-02 04:23:42.878294+00:00
0,False,6,114.00,0.20,912000.00,True,2025-11-02 04:23:42.870592+00:00
1,True,8,131.00,-0.20,-1545800.00,True,2025-11-02 04:23:42.831919+00:00
0,False,6,192.00,-0.20,0.00,False,2025-11-02 04:23:42.924555+00:00
1,False,7,67.00,0.20,0.00,False,2025-11-02 04:23:42.928061+00:00
1,False,0,30.00,0.10,177000.00,True,2025-11-02 04:23:42.926555+00:00
0,False,9,165.00,0.20,1320000.00,True,2025-11-02 04:23:42.883238+00:00
0,False,1,26.00,0.10,0.00,False,2025-11-02 04:23:42.911975+00:00
0,True,7,41.00,0.10,0.00,False,2025-11-02 04:23:42.870592+00:00
0,True,0,121.00,-0.10,-484000.00,True,2025-11-02 04:23:42.867073+00:00
1,False,2,151.00,0.00,0.00,False,2025-11-02 04:23:42.918839+00:00
1,False,3,145.00,0.20,0.00,False,2025-11-02 04:23:42.921846+00:00
0,False,5,107.00,-0.10,0.00,False,2025-11-02 04:23:42.924555+00:00
1,True,3,107.00,0.20,0.00,False,2025-11-02 04:23:42.914486+00:00
0,True,10,168.00,0.00,0.00,True,2025-11-02 04:23:42.907975+00:00
0,False,6,27.00,-0.20,-216000.00,True,2025-11-02 04:23:42.853085+00:00
1,False,4,174.00,-0.20,-2053200.00,True,2025-11-02 04:23:42.929074+00:00
0,False,3,73.00,0.20,0.00,False,2025-11-02 04:23:42.848571+00:00
1,True,9,177.00,-0.10,-1044300.00,True,2025-11-02 04:23:42.910975+00:00
1,False,0,35.00,-0.10,-206500.00,True,2025-11-02 04:23:42.901852+00:00
1,False,2,23.00,0.00,0.00,True,2025-11-02 04:23:42.868593+00:00
0,False,4,153.00,-0.10,-612000.00,True,2025-11-02 04:23:42.925552+00:00
0,False,2,47.00,0.00,0.00,True,2025-11-02 04:23:42.926555+00:00
0,True,6,179.00,-0.20,-1432000.00,True,2025-11-02 04:23:42.908975+00:00
1,True,4,133.00,-0.10,-784700.00,True,2025-11-02 04:23:42.904363+00:00
1,True,2,97.00,0.00,0.00,True,2025-11-02 04:23:42.924555+00:00
0,True,3,58.00,0.00,0.00,True,2025-11-02 04:23:42.897340+00:00
1,True,6,52.00,0.20,613600.00,True,2025-11-02 04:23:42.850573+00:00
1,False,8,35.00,-0.20,-413000.00,True,2025-11-02 04:23:42.841512+00:00
1,True,5,181.00,0.20,2135800.00,True,2025-11-02 04:23:42.901852+00:00
0,True,7,155.00,-0.20,-1240000.00,True,2025-11-02 04:23:42.857612+00:00
0,True,3,134.00,0.20,1072000.00,True,2025-11-02 04:23:42.864143+00:00
0,False,9,88.00,0.10,352000.00,True,2025-11-02 04:23:42.874300+00:00
0,False,3,155.00,0.20,1240000.00,True,2025-11-02 04:23:42.871591+00:00
1,False,2,115.00,-0.20,-1357000.00,True,2025-11-02 04:23:42.870592+00:00
0,False,4,154.00,-0.20,-1232000.00,True,2025-11-02 04:23:42.883238+00:00
0,False,2,107.00,0.20,856000.00,True,2025-11-02 04:23:42.901852+00:00
0,False,1,173.00,0.10,692000.00,True,2025-11-02 04:23:42.909975+00:00
0,False,1,77.00,-0.20,-616000.00,True,2025-11-02 04:23:42.841512+00:00
0,True,7,149.00,-0.20,-1192000.00,True,2025-11-02 04:23:42.890267+00:00
0,True,7,60.00,0.10,240000.00,True,2025-11-02 04:23:42.876296+00:00
0,False,6,123.00,0.00,0.00,True,2025-11-02 04:23:42.870592+00:00
1,False,5,104.00,-0.10,-613600.00,True,2025-11-02 04:23:42.903356+00:00
0,True,0,194.00,0.00,0.00,True,2025-11-02 04:23:42.841512+00:00
0,True,11,143.00,0.20,1144000.00,True,2025-11-02 04:23:42.907975+00:00
0,False,10,128.00,-0.10,-512000.00,True,2025-11-02 04:23:42.885755+00:00
0,True,4,123.00,0.20,984000.00,True,2025-11-02 04:23:42.919840+00:00
0,False,6,151.00,-0.20,-1208000.00,True,2025-11-02 04:23:42.913484+00:00
1,False,6,154.00,0.20,0.00,False,2025-11-02 04:23:42.858630+00:00
1,False,4,117.00,-0.20,0.00,False,2025-11-02 04:23:42.834449+00:00
0,False,5,102.00,0.00,0.00,True,2025-11-02 04:23:42.855411+00:00
0,False,8,115.00,0.10,0.00,False,2025-11-02 04:23:42.892264+00:00
0,False,5,171.00,0.10,684000.00,True,2025-11-02 04:23:42.869591+00:00
0,False,0,199.00,-0.20,0.00,False,2025-11-02 04:23:42.888263+00:00
0,True,4,135.00,0.00,0.00,True,2025-11-02 04:23:42.915319+00:00
0,False,6,37.00,0.20,0.00,False,2025-11-02 04:23:42.924555+00:00
1,False,8,73.00,-0.20,-861400.00,True,2025-11-02 04:23:42.835451+00:00
0,False,4,24.00,0.20,192000.00,True,2025-11-02 04:23:42.834449+00:00
1,True,1,108.00,0.00,0.00,False,2025-11-02 04:23:42.911975+00:00
0,True,0,73.00,-0.20,-584000.00,True,2025-11-02 04:23:42.899852+00:00
0,True,8,73.00,0.00,0.00,True,2025-11-02 04:23:42.924555+00:00
0,False,7,135.00,-0.10,-540000.00,True,2025-11-02 04:23:42.888263+00:00
1,False,3,29.00,-0.20,-342200.00,True,2025-11-02 04:23:42.882238+00:00
0,False,0,76.00,0.00,0.00,True,2025-11-02 04:23:42.905467+00:00
1,False,7,54.00,0.20,637200.00,True,2025-11-02 04:23:42.874300+00:00
0,True,6,144.00,0.00,0.00,True,2025-11-02 04:23:42.854098+00:00
0,False,7,24.00,-0.10,-96000.00,True,2025-11-02 04:23:42.851573+00:00
0,False,1,114.00,-0.10,-456000.00,True,2025-11-02 04:23:42.853085+00:00
1,False,3,34.00,-0.20,-401200.00,True,2025-11-02 04:23:42.855101+00:00
0,False,2,112.00,0.00,0.00,True,2025-11-02 04:23:42.893772+00:00
0,False,5,47.00,0.00,0.00,False,2025-11-02 04:23:42.831919+00:00
0,False,2,70.00,0.10,280000.00,True,2025-11-02 04:23:42.840510+00:00
0,False,4,125.00,0.20,0.00,False,2025-11-02 04:23:42.916330+00:00
0,False,8,140.00,-0.10,-560000.00,True,2025-11-02 04:23:42.864143+00:00
0,False,5,177.00,-0.20,-1416000.00,True,2025-11-02 04:23:42.864143+00:00
1,False,1,65.00,0.20,767000.00,True,2025-11-02 04:23:42.886752+00:00
0,False,6,78.00,-0.10,-312000.00,True,2025-11-02 04:23:42.846045+00:00
0,False,2,64.00,-0.20,-512000.00,True,2025-11-02 04:23:42.898852+00:00
1,False,4,30.00,0.10,0.00,False,2025-11-02 04:23:42.906466+00:00
1,False,8,20.00,-0.20,-236000.00,True,2025-11-02 04:23:42.869591+00:00
0,False,8,168.00,0.00,0.00,True,2025-11-02 04:23:42.926555+00:00
0,False,0,157.00,-0.10,0.00,False,2025-11-02 04:23:42.890267+00:00
1,False,3,102.00,0.00,0.00,False,2025-11-02 04:23:42.855101+00:00
1,False,2,131.00,-0.10,0.00,False,2025-11-02 04:23:42.906466+00:00
