service_type,hour_peak,customer_history,area,base_rate,proposed_price,price_adjustment,acceptance,reward
0,1,0,33,1320000,1320000,0.0,1,0.0
0,0,1,146,5840000,7008000,0.2,0,0.0
0,0,1,111,4440000,4884000,0.1,1,444000.0
0,1,2,23,920000,1012000,0.1,1,92000.00000000012
0,0,3,22,880000,792000,-0.1,1,-88000.0
0,1,4,141,5640000,4512000,-0.2,1,-1128000.0
0,0,5,59,2360000,2360000,0.0,1,0.0
0,0,6,119,4760000,5236000,0.1,1,476000.0
0,0,7,184,7360000,6624000,-0.1,1,-736000.0
1,1,8,131,7729000,6183200,-0.2,1,-1545800.0
0,0,1,86,3440000,3784000,0.1,1,344000.00000000047
1,0,2,82,4838000,5805600,0.2,1,967600.0
0,0,3,192,7680000,7680000,0.0,1,0.0
1,0,4,108,6372000,6372000,0.0,1,0.0
0,0,5,47,1880000,1880000,0.0,0,0.0
0,0,5,193,7720000,9264000,0.2,1,1544000.0
0,1,6,58,2320000,1856000,-0.2,1,-464000.0
0,0,7,30,1200000,1080000,-0.1,1,-120000.0
0,0,8,198,7920000,7920000,0.0,1,0.0
0,1,9,103,4120000,3708000,-0.1,1,-412000.0
0,0,0,38,1520000,1672000,0.1,0,0.0
1,0,0,25,1475000,1475000,0.0,1,0.0
0,0,1,63,2520000,2268000,-0.1,1,-252000.0
1,1,2,75,4425000,4425000,0.0,1,0.0
0,0,3,176,7040000,7040000,0.0,1,0.0
1,0,4,50,2950000,3540000,0.2,1,590000.0
0,0,5,90,3600000,4320000,0.2,1,720000.0
1,1,6,56,3304000,3304000,0.0,1,0.0
0,0,7,172,6880000,8256000,0.2,1,1376000.0
0,0,8,38,1520000,1368000,-0.1,1,-152000.0
1,0,4,64,3776000,4531200,0.2,0,0.0
1,0,4,55,3245000,3894000,0.2,0,0.0
1,0,4,117,6903000,5522400,-0.2,0,0.0
0,0,4,24,960000,1152000,0.2,1,192000.0
0,0,5,150,6000000,7200000,0.2,1,1200000.0
0,1,6,43,1720000,1720000,0.0,1,0.0
0,0,7,191,7640000,6112000,-0.2,1,-1528000.0
1,0,8,73,4307000,3445600,-0.2,1,-861400.0
1,0,9,76,4484000,4932400,0.1,0,0.0
0,0,9,193,7720000,8492000,0.1,1,772000.0
0,0,2,82,3280000,3936000,0.2,0,0.0
0,0,2,174,6960000,8352000,0.2,0,0.0
0,1,2,119,4760000,5236000,0.1,1,476000.0
0,0,3,78,3120000,3432000,0.1,0,0.0
0,1,3,180,7200000,7200000,0.0,1,0.0
0,0,4,164,6560000,7872000,0.2,1,1312000.0
0,0,5,146,5840000,7008000,0.2,1,1168000.0
1,0,6,29,1711000,2053200,0.2,1,342200.0
0,0,7,181,7240000,6516000,-0.1,1,-724000.0
0,0,8,155,6200000,7440000,0.2,1,1240000.0
0,0,1,134,5360000,5360000,0.0,1,0.0
0,0,2,140,5600000,5600000,0.0,1,0.0
1,1,3,48,2832000,3115200,0.1,1,283200.00000000047
1,1,4,169,9971000,7976800,-0.2,1,-1994200.0
1,0,5,99,5841000,5841000,0.0,0,0.0
1,0,5,131,7729000,6183200,-0.2,0,0.0
0,1,5,94,3760000,4512000,0.2,1,752000.0
0,1,6,27,1080000,864000,-0.2,1,-216000.0
0,0,7,191,7640000,6112000,-0.2,1,-1528000.0
0,0,8,75,3000000,2700000,-0.1,1,-300000.0
0,0,2,31,1240000,1364000,0.1,1,124000.0
0,0,3,78,3120000,2496000,-0.2,1,-624000.0
0,1,4,194,7760000,9312000,0.2,0,0.0
0,0,4,131,5240000,4192000,-0.2,1,-1048000.0
0,0,5,57,2280000,1824000,-0.2,1,-456000.0
0,0,6,92,3680000,2944000,-0.2,1,-736000.0
0,1,7,148,5920000,6512000,0.1,1,592000.0000000009
0,1,8,172,6880000,6192000,-0.1,1,-688000.0
1,1,9,30,1770000,1947000,0.1,0,0.0
0,0,9,40,1600000,1760000,0.1,1,160000.00000000023
1,0,0,123,7257000,8708400,0.2,0,0.0
1,0,0,80,4720000,4720000,0.0,1,0.0
0,1,1,90,3600000,3600000,0.0,1,0.0
0,0,2,70,2800000,3080000,0.1,1,280000.00000000047
0,1,3,200,8000000,9600000,0.2,1,1600000.0
0,0,4,169,6760000,6084000,-0.1,1,-676000.0
0,0,5,69,2760000,2484000,-0.1,1,-276000.0
0,0,6,57,2280000,2280000,0.0,1,0.0
1,0,7,26,1534000,1380600,-0.1,1,-153400.0
1,0,8,35,2065000,1652000,-0.2,1,-413000.0
0,1,0,194,7760000,7760000,0.0,1,0.0
0,0,1,30,1200000,960000,-0.2,0,0.0
0,0,1,77,3080000,2464000,-0.2,1,-616000.0
0,0,2,136,5440000,4352000,-0.2,1,-1088000.0
0,0,3,181,7240000,8688000,0.2,0,0.0
0,1,3,141,5640000,5076000,-0.1,1,-564000.0
1,1,4,63,3717000,3717000,0.0,1,0.0
0,0,5,30,1200000,1080000,-0.1,1,-120000.0
1,0,6,86,5074000,5074000,0.0,0,0.0
0,0,6,162,6480000,5184000,-0.2,1,-1296000.0
0,0,1,139,5560000,6116000,0.1,1,556000.0000000009
0,0,2,117,4680000,5616000,0.2,1,936000.0
0,0,3,164,6560000,5248000,-0.2,1,-1312000.0
0,1,4,190,7600000,7600000,0.0,1,0.0
1,0,5,130,7670000,8437000,0.1,1,767000.0
0,0,6,81,3240000,2916000,-0.1,1,-324000.0
0,0,7,195,7800000,7800000,0.0,1,0.0
0,1,8,20,800000,640000,-0.2,1,-160000.0
0,0,9,196,7840000,9408000,0.2,1,1568000.0
0,0,10,55,2200000,2640000,0.2,0,0.0
0,0,2,200,8000000,7200000,-0.1,1,-800000.0
0,1,3,84,3360000,3360000,0.0,1,0.0
0,1,4,166,6640000,5312000,-0.2,1,-1328000.0
1,0,5,104,6136000,5522400,-0.1,1,-613600.0
0,0,6,159,6360000,5724000,-0.1,1,-636000.0
1,0,7,120,7080000,8496000,0.2,1,1416000.0
0,1,8,192,7680000,6912000,-0.1,1,-768000.0
1,0,9,101,5959000,7150800,0.2,1,1191800.0
0,1,10,146,5840000,4672000,-0.2,1,-1168000.0
0,0,11,111,4440000,4440000,0.0,1,0.0
0,0,1,72,2880000,3168000,0.1,0,0.0
0,0,1,66,2640000,2640000,0.0,1,0.0
0,0,2,139,5560000,6672000,0.2,1,1112000.0
0,1,3,121,4840000,5324000,0.1,1,484000.0
0,0,4,194,7760000,6208000,-0.2,1,-1552000.0
0,0,5,83,3320000,2656000,-0.2,1,-664000.0
0,0,6,78,3120000,2808000,-0.1,1,-312000.0
0,1,7,160,6400000,5760000,-0.1,1,-640000.0
0,0,8,124,4960000,5456000,0.1,0,0.0
0,1,8,179,7160000,7876000,0.1,1,716000.0000000009
1,0,0,99,5841000,4672800,-0.2,1,-1168200.0
1,0,1,71,4189000,4189000,0.0,1,0.0
1,0,2,175,10325000,10325000,0.0,1,0.0
1,1,3,34,2006000,2006000,0.0,1,0.0
0,0,4,122,4880000,4880000,0.0,1,0.0
0,0,5,110,4400000,3520000,-0.2,1,-880000.0
1,1,6,64,3776000,4153600,0.1,1,377600.00000000047
1,1,7,171,10089000,9080100,-0.1,0,0.0
1,0,7,108,6372000,5097600,-0.2,0,0.0
0,0,7,174,6960000,5568000,-0.2,1,-1392000.0
0,0,0,200,8000000,9600000,0.2,0,0.0
0,0,0,140,5600000,6160000,0.1,0,0.0
1,1,0,152,8968000,9864800,0.1,1,896800.0
0,0,1,158,6320000,6320000,0.0,1,0.0
0,0,2,164,6560000,6560000,0.0,1,0.0
0,0,3,73,2920000,3504000,0.2,0,0.0
0,0,3,137,5480000,4384000,-0.2,1,-1096000.0
0,0,4,55,2200000,2420000,0.1,0,0.0
0,0,4,111,4440000,3996000,-0.1,1,-444000.0
0,1,5,51,2040000,2244000,0.1,1,204000.0
0,0,2,158,6320000,6952000,0.1,0,0.0
0,0,2,185,7400000,8880000,0.2,1,1480000.0
0,0,3,174,6960000,8352000,0.2,1,1392000.0
1,0,4,32,1888000,2265600,0.2,0,0.0
1,0,4,192,11328000,13593600,0.2,1,2265600.0
1,1,5,88,5192000,6230400,0.2,0,0.0
0,1,5,111,4440000,4884000,0.1,1,444000.0
1,1,6,52,3068000,3681600,0.2,1,613600.0
0,1,7,171,6840000,5472000,-0.2,1,-1368000.0
1,1,8,132,7788000,7788000,0.0,1,0.0
0,1,3,80,3200000,3840000,0.2,1,640000.0
0,1,4,83,3320000,2656000,-0.2,1,-664000.0
0,0,5,178,7120000,7832000,0.1,1,712000.0000000009
0,0,6,184,7360000,8832000,0.2,1,1472000.0
0,0,7,24,960000,864000,-0.1,1,-96000.0
1,0,8,160,9440000,11328000,0.2,0,0.0
0,1,8,34,1360000,1224000,-0.1,1,-136000.0
1,0,9,45,2655000,3186000,0.2,0,0.0
0,1,9,32,1280000,1280000,0.0,1,0.0
1,0,10,52,3068000,2761200,-0.1,1,-306800.0
0,0,1,134,5360000,5360000,0.0,1,0.0
0,1,2,104,4160000,3744000,-0.1,1,-416000.0
0,0,3,164,6560000,7216000,0.1,0,0.0
0,0,3,111,4440000,5328000,0.2,1,888000.0
0,0,4,145,5800000,6960000,0.2,1,1160000.0
0,0,5,177,7080000,8496000,0.2,1,1416000.0
0,0,6,27,1080000,864000,-0.2,1,-216000.0
0,0,7,29,1160000,1044000,-0.1,1,-116000.0
1,0,8,172,10148000,8118400,-0.2,1,-2029600.0
0,1,9,37,1480000,1184000,-0.2,1,-296000.0
1,0,0,73,4307000,3445600,-0.2,1,-861400.0
0,0,1,114,4560000,4104000,-0.1,1,-456000.0
0,1,2,183,7320000,7320000,0.0,1,0.0
1,0,3,200,11800000,12980000,0.1,0,0.0
0,0,3,127,5080000,4572000,-0.1,1,-508000.0
0,1,4,34,1360000,1360000,0.0,1,0.0
1,0,5,154,9086000,9994600,0.1,0,0.0
0,0,5,136,5440000,4896000,-0.1,1,-544000.0
0,1,6,144,5760000,5760000,0.0,1,0.0
0,0,7,54,2160000,2592000,0.2,1,432000.0
0,0,1,87,3480000,2784000,-0.2,1,-696000.0
0,0,2,150,6000000,5400000,-0.1,1,-600000.0
1,0,3,102,6018000,6018000,0.0,0,0.0
1,0,3,34,2006000,1604800,-0.2,1,-401200.0
0,0,4,109,4360000,3924000,-0.1,1,-436000.0
0,0,5,102,4080000,4080000,0.0,1,0.0
1,0,6,30,1770000,1593000,-0.1,0,0.0
0,1,6,121,4840000,5808000,0.2,1,968000.0
0,0,7,161,6440000,7084000,0.1,0,0.0
0,0,7,134,5360000,5360000,0.0,1,0.0
1,0,1,143,8437000,6749600,-0.2,1,-1687400.0
1,0,2,149,8791000,10549200,0.2,0,0.0
0,0,2,100,4000000,4000000,0.0,1,0.0
1,0,3,116,6844000,6844000,0.0,1,0.0
0,1,4,157,6280000,6280000,0.0,1,0.0
0,1,5,47,1880000,1692000,-0.1,1,-188000.0
0,0,6,197,7880000,9456000,0.2,1,1576000.0
0,0,7,69,2760000,3312000,0.2,1,552000.0
0,1,8,79,3160000,2844000,-0.1,1,-316000.0
0,0,9,56,2240000,2464000,0.1,0,0.0
0,1,2,152,6080000,5472000,-0.1,1,-608000.0
0,1,3,99,3960000,3168000,-0.2,1,-792000.0
0,0,4,163,6520000,7172000,0.1,1,652000.0000000009
0,0,5,165,6600000,6600000,0.0,1,0.0
1,0,6,175,10325000,11357500,0.1,1,1032500.0
0,1,7,155,6200000,4960000,-0.2,1,-1240000.0
0,0,8,69,2760000,2760000,0.0,1,0.0
0,0,9,21,840000,924000,0.1,1,84000.00000000012
1,1,10,88,5192000,4153600,-0.2,1,-1038400.0
1,0,11,85,5015000,4513500,-0.1,0,0.0
0,0,2,191,7640000,7640000,0.0,1,0.0
0,0,3,191,7640000,6112000,-0.2,1,-1528000.0
0,0,4,104,4160000,3744000,-0.1,1,-416000.0
0,0,5,56,2240000,1792000,-0.2,1,-448000.0
1,0,6,154,9086000,10903200,0.2,0,0.0
1,0,6,67,3953000,3162400,-0.2,0,0.0
0,0,6,184,7360000,6624000,-0.1,1,-736000.0
1,0,7,177,10443000,12531600,0.2,1,2088600.0
1,0,8,153,9027000,7221600,-0.2,1,-1805400.0
0,0,9,103,4120000,4944000,0.2,0,0.0
0,0,0,191,7640000,6876000,-0.1,0,0.0
1,1,0,163,9617000,10578700,0.1,0,0.0
1,0,0,198,11682000,11682000,0.0,0,0.0
1,0,0,196,11564000,12720400,0.1,1,1156400.0000000019
1,0,1,113,6667000,5333600,-0.2,1,-1333400.0
0,0,2,64,2560000,2304000,-0.1,0,0.0
0,1,2,130,5200000,6240000,0.2,1,1040000.0
0,1,3,179,7160000,5728000,-0.2,1,-1432000.0
1,0,4,104,6136000,4908800,-0.2,1,-1227200.0
0,1,5,106,4240000,4240000,0.0,1,0.0
0,1,2,90,3600000,3960000,0.1,1,360000.00000000047
0,0,3,106,4240000,3392000,-0.2,1,-848000.0
0,1,4,153,6120000,6732000,0.1,1,612000.0000000009
0,0,5,91,3640000,2912000,-0.2,1,-728000.0
0,0,6,92,3680000,3312000,-0.1,0,0.0
0,1,6,149,5960000,7152000,0.2,1,1192000.0
0,1,7,157,6280000,6280000,0.0,1,0.0
0,1,8,161,6440000,6440000,0.0,1,0.0
0,0,9,127,5080000,6096000,0.2,1,1016000.0
0,1,10,123,4920000,4428000,-0.1,1,-492000.0
1,0,1,90,5310000,6372000,0.2,0,0.0
1,0,1,155,9145000,10974000,0.2,0,0.0
0,0,1,158,6320000,7584000,0.2,1,1264000.0
1,0,2,193,11387000,9109600,-0.2,1,-2277400.0
0,1,3,191,7640000,7640000,0.0,1,0.0
0,0,4,20,800000,720000,-0.1,1,-80000.0
0,1,5,111,4440000,5328000,0.2,1,888000.0
0,0,6,135,5400000,6480000,0.2,1,1080000.0
0,0,7,163,6520000,7172000,0.1,1,652000.0000000009
0,0,8,150,6000000,6600000,0.1,1,600000.0000000009
0,0,2,140,5600000,5600000,0.0,0,0.0
0,0,2,98,3920000,3136000,-0.2,1,-784000.0
1,0,3,166,9794000,10773400,0.1,0,0.0
1,0,3,137,8083000,6466400,-0.2,1,-1616600.0
0,0,4,103,4120000,4532000,0.1,1,412000.0
0,1,5,177,7080000,6372000,-0.1,1,-708000.0
0,0,6,29,1160000,1392000,0.2,0,0.0
0,0,6,185,7400000,5920000,-0.2,1,-1480000.0
0,0,7,126,5040000,4032000,-0.2,1,-1008000.0
0,0,8,48,1920000,1728000,-0.1,0,0.0
1,1,1,124,7316000,7316000,0.0,1,0.0
0,1,2,87,3480000,4176000,0.2,1,696000.0
0,1,3,134,5360000,6432000,0.2,1,1072000.0
1,1,4,156,9204000,9204000,0.0,1,0.0
0,0,5,177,7080000,5664000,-0.2,1,-1416000.0
1,0,6,96,5664000,5097600,-0.1,1,-566400.0
1,0,7,147,8673000,7805700,-0.1,1,-867300.0
0,0,8,50,2000000,2400000,0.2,0,0.0
0,0,8,140,5600000,5040000,-0.1,1,-560000.0
0,0,9,88,3520000,3872000,0.1,1,352000.00000000047
0,1,2,126,5040000,4032000,-0.2,1,-1008000.0
0,1,3,44,1760000,1936000,0.1,1,176000.00000000023
0,0,4,156,6240000,4992000,-0.2,1,-1248000.0
0,0,5,97,3880000,3492000,-0.1,1,-388000.0
0,0,6,168,6720000,5376000,-0.2,1,-1344000.0
0,1,7,195,7800000,7020000,-0.1,1,-780000.0
0,0,8,128,5120000,6144000,0.2,0,0.0
0,1,8,175,7000000,6300000,-0.1,1,-700000.0
0,0,9,95,3800000,4180000,0.1,0,0.0
1,0,9,193,11387000,13664400,0.2,0,0.0
0,0,0,65,2600000,2600000,0.0,0,0.0
0,1,0,198,7920000,8712000,0.1,1,792000.0
1,1,1,183,10797000,9717300,-0.1,0,0.0
0,0,1,66,2640000,2904000,0.1,0,0.0
0,0,1,57,2280000,2508000,0.1,1,228000.0
0,0,2,157,6280000,6908000,0.1,0,0.0
0,1,2,143,5720000,6864000,0.2,1,1144000.0
0,0,3,71,2840000,2272000,-0.2,1,-568000.0
0,0,4,30,1200000,1320000,0.1,1,120000.0
0,1,5,200,8000000,8800000,0.1,1,800000.0
0,1,0,121,4840000,4356000,-0.1,1,-484000.0
0,0,1,188,7520000,9024000,0.2,1,1504000.0
0,0,2,40,1600000,1280000,-0.2,1,-320000.0
0,0,3,163,6520000,7824000,0.2,1,1304000.0
0,0,4,85,3400000,2720000,-0.2,1,-680000.0
1,0,5,127,7493000,5994400,-0.2,1,-1498600.0
0,1,6,28,1120000,1344000,0.2,1,224000.0
1,0,7,183,10797000,8637600,-0.2,1,-2159400.0
0,0,8,40,1600000,1760000,0.1,1,160000.00000000023
0,0,9,88,3520000,4224000,0.2,1,704000.0
0,0,2,130,5200000,5200000,0.0,0,0.0
0,0,2,131,5240000,5764000,0.1,1,524000.0
1,1,3,198,11682000,14018400,0.2,1,2336400.0
0,1,4,98,3920000,3528000,-0.1,1,-392000.0
0,0,5,40,1600000,1280000,-0.2,1,-320000.0
1,1,6,190,11210000,10089000,-0.1,0,0.0
0,0,6,38,1520000,1368000,-0.1,0,0.0
0,0,6,130,5200000,5200000,0.0,1,0.0
0,0,7,144,5760000,6336000,0.1,1,576000.0000000009
0,0,8,27,1080000,1296000,0.2,1,216000.0
0,0,1,27,1080000,1188000,0.1,0,0.0
0,0,1,98,3920000,3920000,0.0,1,0.0
1,0,2,23,1357000,1357000,0.0,1,0.0
1,0,3,61,3599000,3239100,-0.1,1,-359900.0
0,0,4,104,4160000,4576000,0.1,0,0.0
0,1,4,57,2280000,2508000,0.1,1,228000.0
0,0,5,171,6840000,7524000,0.1,1,684000.0000000009
1,0,6,178,10502000,12602400,0.2,1,2100400.0
0,1,7,94,3760000,3008000,-0.2,1,-752000.0
1,0,8,20,1180000,944000,-0.2,1,-236000.0
1,0,0,131,7729000,9274800,0.2,0,0.0
0,0,0,112,4480000,3584000,-0.2,1,-896000.0
1,0,1,33,1947000,1752300,-0.1,1,-194700.0
0,0,2,89,3560000,3916000,0.1,0,0.0
1,0,2,115,6785000,5428000,-0.2,1,-1357000.0
0,0,3,92,3680000,4048000,0.1,1,368000.00000000047
0,0,4,110,4400000,3520000,-0.2,1,-880000.0
0,0,5,78,3120000,3744000,0.2,1,624000.0
0,0,6,114,4560000,5472000,0.2,1,912000.0
0,1,7,41,1640000,1804000,0.1,0,0.0
0,0,5,25,1000000,1100000,0.1,1,100000.0
0,0,6,123,4920000,4920000,0.0,1,0.0
1,0,7,73,4307000,5168400,0.2,1,861400.0
0,1,8,183,7320000,5856000,-0.2,1,-1464000.0
0,0,9,132,5280000,6336000,0.2,1,1056000.0
1,0,10,52,3068000,3068000,0.0,1,0.0
0,1,11,27,1080000,1296000,0.2,1,216000.0
0,1,12,75,3000000,3300000,0.1,1,300000.00000000047
0,1,13,197,7880000,9456000,0.2,1,1576000.0
0,1,14,49,1960000,2352000,0.2,1,392000.0
0,0,1,21,840000,840000,0.0,1,0.0
0,0,2,179,7160000,8592000,0.2,1,1432000.0
0,0,3,155,6200000,7440000,0.2,1,1240000.0
0,0,4,121,4840000,3872000,-0.2,1,-968000.0
1,0,5,173,10207000,11227700,0.1,1,1020700.0
0,0,6,165,6600000,5940000,-0.1,1,-660000.0
0,1,7,167,6680000,6680000,0.0,1,0.0
0,0,8,143,5720000,5148000,-0.1,0,0.0
0,1,8,200,8000000,9600000,0.2,1,1600000.0
0,0,9,194,7760000,6984000,-0.1,1,-776000.0
0,1,2,27,1080000,1188000,0.1,1,108000.0
0,0,3,129,5160000,4644000,-0.1,1,-516000.0
0,1,4,127,5080000,4064000,-0.2,1,-1016000.0
0,0,5,43,1720000,1892000,0.1,0,0.0
0,0,5,25,1000000,1200000,0.2,1,200000.0
0,0,6,175,7000000,6300000,-0.1,0,0.0
0,1,6,53,2120000,2332000,0.1,1,212000.0
1,0,7,54,3186000,3823200,0.2,1,637200.0
1,0,8,120,7080000,7080000,0.0,1,0.0
0,0,9,88,3520000,3872000,0.1,1,352000.00000000047
0,1,0,121,4840000,4840000,0.0,1,0.0
0,0,1,76,3040000,3344000,0.1,1,304000.00000000047
1,0,2,141,8319000,9150900,0.1,1,831900.0
1,0,3,118,6962000,7658200,0.1,1,696200.0000000009
0,0,4,158,6320000,6952000,0.1,0,0.0
0,0,4,67,2680000,2144000,-0.2,1,-536000.0
0,0,5,145,5800000,4640000,-0.2,1,-1160000.0
1,0,6,135,7965000,8761500,0.1,1,796500.0
1,0,7,195,11505000,12655500,0.1,0,0.0
0,1,7,60,2400000,2640000,0.1,1,240000.0
1,0,0,198,11682000,9345600,-0.2,0,0.0
1,0,0,57,3363000,3363000,0.0,0,0.0
1,1,0,44,2596000,3115200,0.2,1,519200.0
0,0,1,177,7080000,7080000,0.0,1,0.0
0,0,2,128,5120000,6144000,0.2,1,1024000.0
1,0,3,98,5782000,5203800,-0.1,0,0.0
0,0,3,95,3800000,3420000,-0.1,0,0.0
0,1,3,110,4400000,5280000,0.2,0,0.0
0,0,3,71,2840000,3124000,0.1,1,284000.00000000047
0,0,4,150,6000000,6000000,0.0,0,0.0
0,0,3,159,6360000,6360000,0.0,1,0.0
1,1,4,184,10856000,13027200,0.2,0,0.0
0,0,4,36,1440000,1152000,-0.2,1,-288000.0
1,0,5,43,2537000,2283300,-0.1,1,-253700.0
0,0,6,110,4400000,4840000,0.1,1,440000.0
0,0,7,40,1600000,1920000,0.2,0,0.0
0,1,7,23,920000,736000,-0.2,1,-184000.0
0,1,8,48,1920000,1536000,-0.2,1,-384000.0
0,0,9,178,7120000,7832000,0.1,1,712000.0000000009
1,1,10,79,4661000,4194900,-0.1,1,-466100.0
1,1,0,171,10089000,8071200,-0.2,0,0.0
0,0,0,99,3960000,3564000,-0.1,1,-396000.0
0,1,1,117,4680000,4212000,-0.1,1,-468000.0
0,0,2,75,3000000,2700000,-0.1,1,-300000.0
1,1,3,20,1180000,1062000,-0.1,1,-118000.0
0,0,4,42,1680000,1512000,-0.1,1,-168000.0
0,1,5,108,4320000,4320000,0.0,1,0.0
0,0,6,136,5440000,4896000,-0.1,1,-544000.0
0,0,7,155,6200000,4960000,-0.2,1,-1240000.0
1,1,8,175,10325000,9292500,-0.1,1,-1032500.0
0,1,0,98,3920000,3920000,0.0,1,0.0
0,0,1,125,5000000,5000000,0.0,1,0.0
1,1,2,84,4956000,3964800,-0.2,1,-991200.0
0,0,3,133,5320000,5320000,0.0,1,0.0
0,1,4,168,6720000,6720000,0.0,1,0.0
0,0,5,112,4480000,4928000,0.1,1,448000.0
1,1,6,177,10443000,11487300,0.1,1,1044300.0
1,1,7,198,11682000,9345600,-0.2,1,-2336400.0
0,1,8,77,3080000,2464000,-0.2,1,-616000.0
1,0,9,178,10502000,12602400,0.2,0,0.0
1,0,2,186,10974000,8779200,-0.2,0,0.0
0,0,2,127,5080000,5080000,0.0,1,0.0
0,1,3,178,7120000,7120000,0.0,1,0.0
0,0,4,32,1280000,1280000,0.0,1,0.0
1,0,5,71,4189000,4189000,0.0,0,0.0
0,0,5,143,5720000,5720000,0.0,0,0.0
0,0,5,188,7520000,7520000,0.0,1,0.0
1,0,6,116,6844000,7528400,0.1,1,684400.0000000009
0,1,7,91,3640000,2912000,-0.2,1,-728000.0
0,1,8,112,4480000,5376000,0.2,1,896000.0
0,0,0,53,2120000,1696000,-0.2,0,0.0
0,0,0,83,3320000,2988000,-0.1,0,0.0
1,1,0,182,10738000,8590400,-0.2,1,-2147600.0
1,1,1,119,7021000,5616800,-0.2,1,-1404200.0
0,1,2,175,7000000,6300000,-0.1,1,-700000.0
1,0,3,41,2419000,2902800,0.2,0,0.0
1,0,3,194,11446000,10301400,-0.1,0,0.0
1,0,3,158,9322000,11186400,0.2,1,1864400.0
0,0,4,69,2760000,3312000,0.2,0,0.0
0,1,4,67,2680000,3216000,0.2,0,0.0
1,0,1,53,3127000,3127000,0.0,1,0.0
0,0,2,40,1600000,1280000,-0.2,1,-320000.0
1,0,3,29,1711000,1368800,-0.2,1,-342200.0
0,0,4,141,5640000,6768000,0.2,1,1128000.0
0,0,5,89,3560000,3560000,0.0,1,0.0
1,1,6,112,6608000,7929600,0.2,0,0.0
0,0,6,105,4200000,4200000,0.0,1,0.0
0,1,7,88,3520000,2816000,-0.2,1,-704000.0
0,1,8,76,3040000,3040000,0.0,1,0.0
0,0,9,165,6600000,7920000,0.2,1,1320000.0
0,0,3,118,4720000,4720000,0.0,1,0.0
1,0,4,132,7788000,8566800,0.1,0,0.0
0,0,4,154,6160000,4928000,-0.2,1,-1232000.0
0,0,5,85,3400000,2720000,-0.2,1,-680000.0
0,0,6,27,1080000,972000,-0.1,1,-108000.0
1,0,7,76,4484000,3587200,-0.2,0,0.0
1,1,7,56,3304000,2973600,-0.1,1,-330400.0
0,0,8,110,4400000,4840000,0.1,1,440000.0
0,0,9,96,3840000,4608000,0.2,1,768000.0
1,1,10,167,9853000,10838300,0.1,0,0.0
0,0,0,137,5480000,4932000,-0.1,1,-548000.0
0,1,1,168,6720000,5376000,-0.2,1,-1344000.0
0,1,2,137,5480000,6028000,0.1,1,548000.0000000009
0,0,3,130,5200000,6240000,0.2,1,1040000.0
1,1,4,138,8142000,8142000,0.0,1,0.0
0,0,5,108,4320000,5184000,0.2,1,864000.0
0,0,6,139,5560000,5560000,0.0,0,0.0
1,1,6,183,10797000,12956400,0.2,1,2159400.0
0,0,7,183,7320000,5856000,-0.2,1,-1464000.0
0,0,8,135,5400000,5940000,0.1,1,540000.0000000009
0,0,2,56,2240000,2464000,0.1,1,224000.0
0,1,3,58,2320000,2320000,0.0,1,0.0
0,0,4,127,5080000,5080000,0.0,1,0.0
0,1,5,35,1400000,1540000,0.1,1,140000.00000000023
0,0,6,135,5400000,5400000,0.0,0,0.0
0,0,6,100,4000000,3600000,-0.1,1,-400000.0
0,1,7,137,5480000,6576000,0.2,1,1096000.0
0,1,8,148,5920000,5328000,-0.1,1,-592000.0
1,1,9,168,9912000,9912000,0.0,1,0.0
0,0,10,128,5120000,4608000,-0.1,1,-512000.0
0,0,0,57,2280000,2280000,0.0,0,0.0
0,0,0,45,1800000,1440000,-0.2,1,-360000.0
0,1,1,102,4080000,3672000,-0.1,1,-408000.0
0,0,2,186,7440000,6696000,-0.1,1,-744000.0
0,0,3,172,6880000,6880000,0.0,1,0.0
0,0,4,113,4520000,3616000,-0.2,1,-904000.0
0,1,5,123,4920000,4920000,0.0,1,0.0
0,0,6,96,3840000,4608000,0.2,1,768000.0
1,0,7,102,6018000,6619800,0.1,1,601800.0000000009
0,1,8,20,800000,800000,0.0,1,0.0
1,1,0,122,7198000,8637600,0.2,0,0.0
0,1,0,157,6280000,6280000,0.0,1,0.0
1,0,1,194,11446000,9156800,-0.2,1,-2289200.0
0,0,2,40,1600000,1920000,0.2,1,320000.0
1,0,3,112,6608000,5286400,-0.2,1,-1321600.0
0,0,4,197,7880000,6304000,-0.2,1,-1576000.0
0,0,5,38,1520000,1672000,0.1,0,0.0
0,0,5,170,6800000,7480000,0.1,0,0.0
0,1,5,184,7360000,8096000,0.1,1,736000.0000000009
0,1,6,83,3320000,3984000,0.2,1,664000.0
1,0,1,65,3835000,4602000,0.2,1,767000.0
0,0,2,46,1840000,2024000,0.1,1,184000.00000000023
0,0,3,54,2160000,1728000,-0.2,1,-432000.0
0,0,4,78,3120000,2496000,-0.2,1,-624000.0
1,0,5,123,7257000,6531300,-0.1,1,-725700.0
0,0,6,59,2360000,1888000,-0.2,1,-472000.0
0,0,7,147,5880000,5880000,0.0,1,0.0
0,1,8,184,7360000,5888000,-0.2,1,-1472000.0
0,0,9,85,3400000,3400000,0.0,0,0.0
1,0,9,182,10738000,12885600,0.2,1,2147600.0
0,0,0,199,7960000,6368000,-0.2,0,0.0
0,1,0,198,7920000,7128000,-0.1,1,-792000.0
0,0,1,101,4040000,3232000,-0.2,1,-808000.0
0,1,2,181,7240000,5792000,-0.2,1,-1448000.0
0,0,3,26,1040000,832000,-0.2,1,-208000.0
0,1,4,174,6960000,5568000,-0.2,1,-1392000.0
0,0,5,96,3840000,3840000,0.0,1,0.0
0,0,6,138,5520000,4416000,-0.2,1,-1104000.0
0,0,7,135,5400000,4860000,-0.1,1,-540000.0
1,0,8,145,8555000,8555000,0.0,0,0.0
1,0,1,93,5487000,4389600,-0.2,1,-1097400.0
0,0,2,161,6440000,6440000,0.0,0,0.0
1,0,2,73,4307000,5168400,0.2,0,0.0
0,1,2,126,5040000,6048000,0.2,1,1008000.0
0,1,3,20,800000,720000,-0.1,1,-80000.0
0,0,4,194,7760000,9312000,0.2,1,1552000.0
1,0,5,20,1180000,1298000,0.1,1,118000.0
1,0,6,39,2301000,2301000,0.0,1,0.0
0,1,7,148,5920000,4736000,-0.2,1,-1184000.0
1,1,8,170,10030000,8024000,-0.2,1,-2006000.0
0,1,0,145,5800000,6960000,0.2,1,1160000.0
0,1,1,149,5960000,6556000,0.1,1,596000.0000000009
0,0,2,109,4360000,5232000,0.2,1,872000.0
0,0,3,151,6040000,6644000,0.1,1,604000.0000000009
0,1,4,190,7600000,9120000,0.2,1,1520000.0
0,0,5,198,7920000,6336000,-0.2,1,-1584000.0
1,0,6,21,1239000,1362900,0.1,1,123900.0
0,1,7,149,5960000,4768000,-0.2,1,-1192000.0
1,0,8,118,6962000,5569600,-0.2,1,-1392400.0
1,0,9,167,9853000,9853000,0.0,1,0.0
0,0,0,157,6280000,5652000,-0.1,0,0.0
0,0,0,105,4200000,4620000,0.1,1,420000.0
1,0,1,117,6903000,6903000,0.0,0,0.0
0,0,1,50,2000000,1800000,-0.1,1,-200000.0
0,0,2,112,4480000,3584000,-0.2,1,-896000.0
1,0,3,74,4366000,3492800,-0.2,1,-873200.0
0,1,4,62,2480000,2976000,0.2,1,496000.0
0,1,5,166,6640000,5312000,-0.2,1,-1328000.0
1,1,6,31,1829000,2194800,0.2,1,365800.0
0,0,7,53,2120000,1908000,-0.1,1,-212000.0
0,0,1,79,3160000,2844000,-0.1,1,-316000.0
1,1,2,35,2065000,1858500,-0.1,1,-206500.0
1,1,3,186,10974000,8779200,-0.2,1,-2194800.0
0,1,4,123,4920000,4920000,0.0,1,0.0
0,0,5,60,2400000,2160000,-0.1,1,-240000.0
0,0,6,24,960000,1152000,0.2,1,192000.0
0,0,7,48,1920000,2304000,0.2,1,384000.0
0,0,8,115,4600000,5060000,0.1,0,0.0
1,1,8,116,6844000,5475200,-0.2,1,-1368800.0
1,0,9,166,9794000,10773400,0.1,0,0.0
0,0,0,135,5400000,4860000,-0.1,1,-540000.0
0,0,1,42,1680000,1344000,-0.2,1,-336000.0
0,0,2,196,7840000,8624000,0.1,1,784000.0
0,0,3,120,4800000,4800000,0.0,1,0.0
0,0,4,126,5040000,5544000,0.1,0,0.0
0,0,4,128,5120000,6144000,0.2,0,0.0
1,0,4,99,5841000,6425100,0.1,1,584100.0000000009
0,0,5,78,3120000,3432000,0.1,1,312000.00000000047
0,0,6,76,3040000,3040000,0.0,1,0.0
0,0,7,175,7000000,7000000,0.0,0,0.0
0,0,2,199,7960000,8756000,0.1,0,0.0
0,1,2,60,2400000,2160000,-0.1,1,-240000.0
1,0,3,28,1652000,1652000,0.0,0,0.0
0,0,3,58,2320000,2320000,0.0,0,0.0
0,1,3,96,3840000,4224000,0.1,1,384000.0
0,1,4,56,2240000,2240000,0.0,1,0.0
0,0,5,115,4600000,4600000,0.0,1,0.0
0,1,6,137,5480000,4384000,-0.2,1,-1096000.0
0,0,7,40,1600000,1440000,-0.1,1,-160000.0
0,0,8,99,3960000,3960000,0.0,1,0.0
0,1,1,32,1280000,1152000,-0.1,1,-128000.0
0,0,2,152,6080000,6688000,0.1,0,0.0
0,0,2,112,4480000,4480000,0.0,1,0.0
0,0,3,89,3560000,3560000,0.0,0,0.0
1,1,3,191,11269000,12395900,0.1,1,1126900.0000000019
0,1,4,194,7760000,8536000,0.1,1,776000.0
0,0,5,43,1720000,2064000,0.2,0,0.0
0,0,5,23,920000,920000,0.0,0,0.0
0,0,5,190,7600000,6840000,-0.1,0,0.0
0,0,5,22,880000,880000,0.0,1,0.0
0,0,0,62,2480000,2480000,0.0,0,0.0
0,0,0,31,1240000,1116000,-0.1,0,0.0
0,1,0,42,1680000,1344000,-0.2,1,-336000.0
1,0,1,114,6726000,7398600,0.1,0,0.0
0,0,1,30,1200000,1320000,0.1,1,120000.0
1,1,2,38,2242000,2017800,-0.1,1,-224200.0
1,0,3,183,10797000,10797000,0.0,1,0.0
0,0,4,83,3320000,3984000,0.2,0,0.0
0,0,4,62,2480000,2728000,0.1,1,248000.0
0,0,5,49,1960000,1960000,0.0,0,0.0
1,1,2,31,1829000,1646100,-0.1,1,-182900.0
0,1,3,138,5520000,6624000,0.2,1,1104000.0
1,0,4,165,9735000,10708500,0.1,0,0.0
0,1,4,101,4040000,3232000,-0.2,1,-808000.0
0,1,5,97,3880000,4656000,0.2,1,776000.0
0,0,6,178,7120000,7832000,0.1,0,0.0
0,0,6,95,3800000,3420000,-0.1,1,-380000.0
1,0,7,191,11269000,9015200,-0.2,0,0.0
0,0,7,152,6080000,5472000,-0.1,1,-608000.0
0,0,8,119,4760000,5236000,0.1,0,0.0
0,0,1,114,4560000,5472000,0.2,1,912000.0
0,1,2,57,2280000,2052000,-0.1,1,-228000.0
0,0,3,23,920000,828000,-0.1,1,-92000.0
0,0,4,41,1640000,1968000,0.2,0,0.0
0,1,4,141,5640000,6204000,0.1,1,564000.0000000009
1,0,5,102,6018000,7221600,0.2,1,1203600.0
1,0,6,96,5664000,6796800,0.2,1,1132800.0
0,1,7,43,1720000,1892000,0.1,1,172000.00000000023
0,0,8,119,4760000,5236000,0.1,1,476000.0
0,1,9,185,7400000,7400000,0.0,1,0.0
0,0,1,23,920000,1012000,0.1,0,0.0
0,1,1,120,4800000,3840000,-0.2,1,-960000.0
0,1,2,39,1560000,1872000,0.2,1,312000.0
0,1,3,58,2320000,2320000,0.0,1,0.0
1,1,4,185,10915000,13098000,0.2,1,2183000.0
0,0,5,70,2800000,2520000,-0.1,1,-280000.0
1,1,6,34,2006000,2206600,0.1,0,0.0
1,0,6,96,5664000,6796800,0.2,0,0.0
0,1,6,151,6040000,7248000,0.2,1,1208000.0
0,1,7,131,5240000,6288000,0.2,0,0.0
0,1,1,148,5920000,7104000,0.2,1,1184000.0
1,0,2,63,3717000,3345300,-0.1,1,-371700.0
1,1,3,184,10856000,10856000,0.0,1,0.0
0,1,4,160,6400000,5120000,-0.2,1,-1280000.0
0,0,5,125,5000000,4000000,-0.2,1,-1000000.0
1,0,6,91,5369000,4295200,-0.2,1,-1073800.0
1,0,7,106,6254000,6254000,0.0,0,0.0
0,0,7,79,3160000,3160000,0.0,1,0.0
0,0,8,51,2040000,1836000,-0.1,1,-204000.0
0,0,9,129,5160000,5160000,0.0,1,0.0
1,0,0,54,3186000,2548800,-0.2,1,-637200.0
1,0,1,99,5841000,4672800,-0.2,0,0.0
0,0,1,120,4800000,3840000,-0.2,1,-960000.0
0,0,2,64,2560000,2048000,-0.2,1,-512000.0
1,0,3,102,6018000,5416200,-0.1,1,-601800.0
0,1,4,49,1960000,2352000,0.2,1,392000.0
0,0,5,57,2280000,2736000,0.2,1,456000.0
0,0,6,88,3520000,2816000,-0.2,1,-704000.0
0,1,7,94,3760000,3008000,-0.2,1,-752000.0
0,0,8,80,3200000,3840000,0.2,1,640000.0
0,1,0,73,2920000,2336000,-0.2,1,-584000.0
1,1,1,124,7316000,8779200,0.2,0,0.0
0,0,1,124,4960000,4464000,-0.1,1,-496000.0
1,1,2,137,8083000,8891300,0.1,1,808300.0
0,0,3,102,4080000,3672000,-0.1,1,-408000.0
0,0,4,155,6200000,6820000,0.1,1,620000.0000000009
1,0,5,52,3068000,2761200,-0.1,0,0.0
1,1,5,171,10089000,11097900,0.1,0,0.0
0,0,5,41,1640000,1476000,-0.1,1,-164000.0
0,0,6,53,2120000,1696000,-0.2,0,0.0
1,0,1,115,6785000,5428000,-0.2,1,-1357000.0
1,1,2,84,4956000,4956000,0.0,1,0.0
1,1,3,160,9440000,8496000,-0.1,1,-944000.0
1,0,4,82,4838000,4354200,-0.1,1,-483800.0
0,0,5,58,2320000,2552000,0.1,1,232000.0
0,1,6,61,2440000,2684000,0.1,1,244000.0
0,1,7,44,1760000,1936000,0.1,1,176000.00000000023
0,0,8,191,7640000,8404000,0.1,1,764000.0
0,0,9,46,1840000,2208000,0.2,1,368000.0
1,0,10,180,10620000,11682000,0.1,1,1062000.0000000019
1,0,1,133,7847000,6277600,-0.2,0,0.0
0,0,1,49,1960000,1960000,0.0,1,0.0
0,1,2,148,5920000,6512000,0.1,0,0.0
0,0,2,187,7480000,6732000,-0.1,0,0.0
1,1,2,108,6372000,7646400,0.2,1,1274400.0
1,0,3,47,2773000,2495700,-0.1,1,-277300.0
0,0,4,111,4440000,3996000,-0.1,1,-444000.0
0,1,5,186,7440000,8928000,0.2,1,1488000.0
0,0,6,143,5720000,6292000,0.1,1,572000.0000000009
0,0,7,147,5880000,6468000,0.1,0,0.0
1,0,0,35,2065000,1858500,-0.1,1,-206500.0
0,1,1,140,5600000,5040000,-0.1,1,-560000.0
0,0,2,107,4280000,5136000,0.2,1,856000.0
0,1,3,37,1480000,1628000,0.1,1,148000.00000000023
1,0,4,188,11092000,9982800,-0.1,1,-1109200.0
1,1,5,181,10679000,12814800,0.2,1,2135800.0
0,0,6,160,6400000,6400000,0.0,1,0.0
0,0,7,32,1280000,1280000,0.0,0,0.0
1,0,7,192,11328000,10195200,-0.1,0,0.0
0,0,7,181,7240000,7240000,0.0,1,0.0
0,0,2,85,3400000,3400000,0.0,1,0.0
0,0,3,86,3440000,2752000,-0.2,1,-688000.0
0,1,4,67,2680000,2144000,-0.2,1,-536000.0
1,0,5,104,6136000,5522400,-0.1,1,-613600.0
1,1,6,49,2891000,2601900,-0.1,1,-289100.0
0,1,7,170,6800000,8160000,0.2,1,1360000.0
1,0,8,78,4602000,5522400,0.2,0,0.0
0,0,8,142,5680000,5680000,0.0,1,0.0
0,0,9,91,3640000,3640000,0.0,0,0.0
1,0,9,90,5310000,5310000,0.0,1,0.0
0,1,0,139,5560000,6672000,0.2,1,1112000.0
0,0,1,106,4240000,5088000,0.2,1,848000.0
1,0,2,129,7611000,8372100,0.1,0,0.0
0,0,2,109,4360000,4360000,0.0,1,0.0
0,1,3,80,3200000,3840000,0.2,1,640000.0
0,1,4,155,6200000,4960000,-0.2,1,-1240000.0
0,0,5,183,7320000,5856000,-0.2,1,-1464000.0
0,0,6,65,2600000,2860000,0.1,1,260000.0
0,0,7,141,5640000,5076000,-0.1,1,-564000.0
1,0,8,139,8201000,8201000,0.0,1,0.0
0,1,3,99,3960000,3564000,-0.1,1,-396000.0
1,0,4,48,2832000,3115200,0.1,0,0.0
1,0,4,188,11092000,11092000,0.0,0,0.0
0,1,4,27,1080000,1188000,0.1,0,0.0
1,1,4,133,7847000,7062300,-0.1,1,-784700.0
0,1,5,69,2760000,2760000,0.0,1,0.0
0,0,6,72,2880000,2304000,-0.2,1,-576000.0
0,1,7,194,7760000,8536000,0.1,1,776000.0
1,0,8,182,10738000,11811800,0.1,1,1073800.0000000019
1,1,9,88,5192000,4153600,-0.2,1,-1038400.0
0,0,0,46,1840000,1472000,-0.2,0,0.0
0,0,0,99,3960000,3564000,-0.1,1,-396000.0
1,0,1,22,1298000,1298000,0.0,0,0.0
0,0,1,37,1480000,1628000,0.1,1,148000.00000000023
0,1,2,40,1600000,1760000,0.1,1,160000.00000000023
0,0,3,135,5400000,5940000,0.1,1,540000.0000000009
0,0,4,197,7880000,9456000,0.2,1,1576000.0
0,1,5,80,3200000,2880000,-0.1,1,-320000.0
0,0,6,40,1600000,1280000,-0.2,1,-320000.0
0,0,7,51,2040000,2448000,0.2,0,0.0
0,0,0,76,3040000,3040000,0.0,1,0.0
0,0,1,172,6880000,7568000,0.1,1,688000.0000000009
0,0,2,36,1440000,1296000,-0.1,0,0.0
0,0,2,131,5240000,4716000,-0.1,0,0.0
1,0,2,74,4366000,4366000,0.0,1,0.0
0,1,3,123,4920000,5412000,0.1,0,0.0
0,0,3,199,7960000,7164000,-0.1,1,-796000.0
1,0,4,30,1770000,1947000,0.1,0,0.0
0,0,4,27,1080000,1296000,0.2,1,216000.0
0,0,5,94,3760000,3760000,0.0,1,0.0
0,0,1,95,3800000,4180000,0.1,1,380000.00000000047
1,0,2,131,7729000,6956100,-0.1,0,0.0
1,0,2,84,4956000,4460400,-0.1,1,-495600.0
0,0,3,158,6320000,6952000,0.1,1,632000.0000000009
0,1,4,64,2560000,2304000,-0.1,1,-256000.0
0,0,5,106,4240000,4240000,0.0,0,0.0
1,0,5,52,3068000,2454400,-0.2,1,-613600.0
1,1,6,66,3894000,4283400,0.1,1,389400.0
0,0,7,151,6040000,5436000,-0.1,0,0.0
0,0,7,132,5280000,5280000,0.0,0,0.0
1,1,2,152,8968000,10761600,0.2,1,1793600.0
1,0,3,138,8142000,8142000,0.0,1,0.0
1,0,4,132,7788000,7009200,-0.1,1,-778800.0
0,0,5,133,5320000,5320000,0.0,1,0.0
0,0,6,22,880000,792000,-0.1,1,-88000.0
0,0,7,97,3880000,3104000,-0.2,1,-776000.0
0,1,8,135,5400000,5940000,0.1,1,540000.0000000009
0,0,9,28,1120000,1344000,0.2,1,224000.0
0,1,10,168,6720000,6720000,0.0,1,0.0
0,1,11,143,5720000,6864000,0.2,1,1144000.0
0,1,0,61,2440000,2928000,0.2,1,488000.0
1,1,1,50,2950000,3540000,0.2,1,590000.0
1,1,2,185,10915000,13098000,0.2,1,2183000.0
0,0,3,99,3960000,3960000,0.0,1,0.0
0,0,4,138,5520000,4416000,-0.2,1,-1104000.0
0,0,5,28,1120000,1344000,0.2,0,0.0
1,0,5,47,2773000,2773000,0.0,0,0.0
0,1,5,80,3200000,3520000,0.1,1,320000.00000000047
0,1,6,179,7160000,5728000,-0.2,1,-1432000.0
0,0,7,116,4640000,4640000,0.0,1,0.0
1,0,0,94,5546000,6100600,0.1,1,554600.0000000009
0,1,1,25,1000000,1200000,0.2,1,200000.0
0,0,2,32,1280000,1152000,-0.1,1,-128000.0
0,0,3,85,3400000,4080000,0.2,1,680000.0
0,0,4,67,2680000,3216000,0.2,1,536000.0
0,0,5,111,4440000,3996000,-0.1,1,-444000.0
0,0,6,166,6640000,7304000,0.1,1,664000.0000000009
0,1,7,157,6280000,6908000,0.1,1,628000.0000000009
0,0,8,46,1840000,1656000,-0.1,1,-184000.0
0,0,9,147,5880000,4704000,-0.2,1,-1176000.0
0,0,1,197,7880000,9456000,0.2,0,0.0
0,0,1,173,6920000,7612000,0.1,1,692000.0000000009
0,0,2,124,4960000,5456000,0.1,1,496000.0
0,1,3,120,4800000,5280000,0.1,1,480000.0
0,0,4,89,3560000,2848000,-0.2,1,-712000.0
0,1,5,197,7880000,9456000,0.2,1,1576000.0
0,0,6,136,5440000,4896000,-0.1,1,-544000.0
1,1,7,111,6549000,5239200,-0.2,1,-1309800.0
0,0,8,161,6440000,7728000,0.2,1,1288000.0
1,1,9,177,10443000,9398700,-0.1,1,-1044300.0
0,0,2,183,7320000,5856000,-0.2,0,0.0
1,0,2,23,1357000,1221300,-0.1,0,0.0
0,0,2,194,7760000,9312000,0.2,1,1552000.0
0,0,3,155,6200000,6820000,0.1,1,620000.0000000009
0,0,4,94,3760000,3008000,-0.2,1,-752000.0
0,0,5,193,7720000,7720000,0.0,1,0.0
0,1,6,196,7840000,7056000,-0.1,1,-784000.0
0,0,7,140,5600000,5600000,0.0,1,0.0
0,0,8,26,1040000,1248000,0.2,1,208000.0
1,1,9,170,10030000,10030000,0.0,1,0.0
1,0,0,110,6490000,6490000,0.0,0,0.0
0,0,0,122,4880000,4880000,0.0,1,0.0
1,1,1,108,6372000,6372000,0.0,0,0.0
1,0,1,106,6254000,7504800,0.2,0,0.0
1,1,1,113,6667000,5333600,-0.2,1,-1333400.0
0,0,2,165,6600000,5280000,-0.2,1,-1320000.0
0,1,3,178,7120000,5696000,-0.2,1,-1424000.0
1,0,4,170,10030000,8024000,-0.2,1,-2006000.0
0,1,5,139,5560000,6672000,0.2,1,1112000.0
0,0,6,146,5840000,4672000,-0.2,1,-1168000.0
0,0,1,26,1040000,1144000,0.1,0,0.0
0,0,1,46,1840000,2208000,0.2,1,368000.0
0,0,2,129,5160000,5160000,0.0,1,0.0
1,1,3,53,3127000,2814300,-0.1,1,-312700.0
0,1,4,164,6560000,5904000,-0.1,1,-656000.0
0,0,5,83,3320000,3320000,0.0,1,0.0
1,0,6,191,11269000,10142100,-0.1,0,0.0
0,0,6,167,6680000,8016000,0.2,1,1336000.0
0,0,7,197,7880000,7880000,0.0,1,0.0
1,1,8,76,4484000,4932400,0.1,1,448400.0
0,0,1,75,3000000,2700000,-0.1,0,0.0
1,0,1,74,4366000,4802600,0.1,1,436600.0
0,1,2,60,2400000,2640000,0.1,1,240000.0
0,0,3,197,7880000,8668000,0.1,1,788000.0
0,0,4,111,4440000,3996000,-0.1,1,-444000.0
0,0,5,27,1080000,864000,-0.2,1,-216000.0
0,0,6,151,6040000,4832000,-0.2,1,-1208000.0
0,1,7,135,5400000,5400000,0.0,1,0.0
1,1,8,41,2419000,2177100,-0.1,1,-241900.0
0,0,9,194,7760000,6984000,-0.1,1,-776000.0
1,0,1,60,3540000,4248000,0.2,1,708000.0
0,1,2,25,1000000,1000000,0.0,1,0.0
1,1,3,107,6313000,7575600,0.2,0,0.0
0,0,3,160,6400000,5760000,-0.1,1,-640000.0
1,0,4,158,9322000,8389800,-0.1,1,-932200.0
0,1,5,116,4640000,4176000,-0.1,1,-464000.0
0,1,6,84,3360000,2688000,-0.2,1,-672000.0
0,1,7,181,7240000,7964000,0.1,1,724000.0000000009
0,0,8,52,2080000,2496000,0.2,1,416000.0
0,1,9,34,1360000,1088000,-0.2,1,-272000.0
0,0,0,36,1440000,1440000,0.0,1,0.0
0,0,1,153,6120000,7344000,0.2,1,1224000.0
0,0,2,107,4280000,3424000,-0.2,1,-856000.0
0,0,3,80,3200000,3520000,0.1,1,320000.00000000047
0,1,4,135,5400000,5400000,0.0,1,0.0
0,0,5,166,6640000,5976000,-0.1,1,-664000.0
0,1,6,59,2360000,2360000,0.0,1,0.0
0,1,7,142,5680000,5112000,-0.1,1,-568000.0
0,1,8,125,5000000,5500000,0.1,1,500000.0
0,0,9,172,6880000,7568000,0.1,1,688000.0000000009
0,0,2,70,2800000,2520000,-0.1,1,-280000.0
0,1,3,137,5480000,4932000,-0.1,1,-548000.0
0,0,4,164,6560000,7872000,0.2,1,1312000.0
1,0,5,89,5251000,6301200,0.2,1,1050200.0
1,0,6,100,5900000,7080000,0.2,0,0.0
0,0,6,82,3280000,2952000,-0.1,1,-328000.0
0,0,7,200,8000000,6400000,-0.2,1,-1600000.0
0,0,8,189,7560000,8316000,0.1,1,756000.0000000009
0,0,9,168,6720000,8064000,0.2,1,1344000.0
1,1,10,146,8614000,7752600,-0.1,1,-861400.0
1,0,1,153,9027000,9929700,0.1,1,902700.0
1,0,2,108,6372000,5734800,-0.1,1,-637200.0
0,0,3,113,4520000,5424000,0.2,1,904000.0
0,0,4,125,5000000,6000000,0.2,0,0.0
0,0,4,90,3600000,3960000,0.1,1,360000.00000000047
0,1,5,58,2320000,2784000,0.2,1,464000.0
0,1,6,36,1440000,1728000,0.2,1,288000.0
0,0,7,111,4440000,3552000,-0.2,1,-888000.0
0,0,8,196,7840000,9408000,0.2,0,0.0
1,0,8,35,2065000,2271500,0.1,0,0.0
0,1,1,68,2720000,2176000,-0.2,1,-544000.0
0,1,2,182,7280000,6552000,-0.1,1,-728000.0
0,1,3,84,3360000,3696000,0.1,1,336000.00000000047
0,0,4,62,2480000,1984000,-0.2,1,-496000.0
0,0,5,34,1360000,1496000,0.1,1,136000.00000000023
1,1,6,71,4189000,4607900,0.1,1,418900.0
0,0,7,45,1800000,1980000,0.1,0,0.0
0,1,7,110,4400000,4400000,0.0,1,0.0
0,0,8,131,5240000,4716000,-0.1,1,-524000.0
0,1,9,52,2080000,2288000,0.1,1,208000.0
1,1,2,60,3540000,4248000,0.2,1,708000.0
0,1,3,53,2120000,2120000,0.0,1,0.0
0,0,4,121,4840000,4840000,0.0,0,0.0
1,0,4,111,6549000,7203900,0.1,1,654900.0000000009
0,0,5,79,3160000,2528000,-0.2,1,-632000.0
1,1,6,136,8024000,7221600,-0.1,1,-802400.0
1,1,7,133,7847000,9416400,0.2,1,1569400.0
0,0,8,31,1240000,992000,-0.2,1,-248000.0
1,0,9,77,4543000,4543000,0.0,1,0.0
0,0,10,105,4200000,4620000,0.1,1,420000.0
1,0,2,151,8909000,8909000,0.0,0,0.0
0,1,2,70,2800000,3360000,0.2,1,560000.0
0,0,3,95,3800000,4180000,0.1,0,0.0
0,0,3,85,3400000,3400000,0.0,0,0.0
0,0,3,169,6760000,6760000,0.0,1,0.0
1,0,4,68,4012000,3209600,-0.2,0,0.0
0,0,4,40,1600000,1600000,0.0,0,0.0
0,0,4,49,1960000,1568000,-0.2,1,-392000.0
0,0,5,106,4240000,4664000,0.1,0,0.0
1,0,5,27,1593000,1911600,0.2,1,318600.0
0,0,1,159,6360000,5724000,-0.1,0,0.0
0,1,1,118,4720000,4720000,0.0,1,0.0
1,0,2,39,2301000,2531100,0.1,0,0.0
0,1,2,198,7920000,7128000,-0.1,1,-792000.0
0,0,3,85,3400000,3740000,0.1,1,340000.00000000047
0,1,4,123,4920000,5904000,0.2,1,984000.0
1,0,5,98,5782000,4625600,-0.2,1,-1156400.0
0,0,6,60,2400000,2640000,0.1,1,240000.0
0,1,7,44,1760000,2112000,0.2,1,352000.0
0,0,8,94,3760000,4136000,0.1,0,0.0
1,1,2,168,9912000,8920800,-0.1,1,-991200.0
0,0,3,173,6920000,8304000,0.2,1,1384000.0
0,1,4,163,6520000,5216000,-0.2,1,-1304000.0
1,0,5,45,2655000,2655000,0.0,0,0.0
0,0,5,178,7120000,8544000,0.2,0,0.0
1,1,5,134,7906000,7906000,0.0,1,0.0
1,1,6,154,9086000,7268800,-0.2,1,-1817200.0
0,1,7,118,4720000,5664000,0.2,1,944000.0
1,0,8,137,8083000,6466400,-0.2,1,-1616600.0
1,0,9,170,10030000,12036000,0.2,1,2006000.0
0,1,2,52,2080000,2496000,0.2,1,416000.0
1,0,3,145,8555000,10266000,0.2,0,0.0
0,0,3,182,7280000,8008000,0.1,0,0.0
0,1,3,62,2480000,2976000,0.2,1,496000.0
1,1,4,56,3304000,2643200,-0.2,1,-660800.0
1,0,5,83,4897000,5876400,0.2,1,979400.0
0,0,6,22,880000,1056000,0.2,0,0.0
0,1,6,96,3840000,4608000,0.2,1,768000.0
0,0,7,152,6080000,6080000,0.0,1,0.0
0,1,8,185,7400000,8880000,0.2,1,1480000.0
1,1,0,37,2183000,1746400,-0.2,0,0.0
1,1,0,99,5841000,4672800,-0.2,1,-1168200.0
0,0,1,143,5720000,6864000,0.2,1,1144000.0
1,1,2,55,3245000,3569500,0.1,1,324500.00000000047
1,1,3,125,7375000,8112500,0.1,1,737500.0000000009
0,0,4,89,3560000,4272000,0.2,1,712000.0
0,1,5,156,6240000,4992000,-0.2,1,-1248000.0
0,0,6,100,4000000,3600000,-0.1,0,0.0
0,0,6,192,7680000,6144000,-0.2,0,0.0
0,0,6,37,1480000,1776000,0.2,0,0.0
0,0,1,196,7840000,6272000,-0.2,1,-1568000.0
1,1,2,97,5723000,5723000,0.0,1,0.0
1,0,3,82,4838000,4838000,0.0,1,0.0
0,0,4,171,6840000,7524000,0.1,1,684000.0000000009
1,0,5,100,5900000,6490000,0.1,0,0.0
0,0,5,107,4280000,3852000,-0.1,0,0.0
0,0,5,63,2520000,2772000,0.1,1,252000.0
0,0,6,111,4440000,3552000,-0.2,1,-888000.0
0,0,7,98,3920000,3920000,0.0,1,0.0
0,1,8,73,2920000,2920000,0.0,1,0.0
0,1,1,192,7680000,6144000,-0.2,1,-1536000.0
0,0,2,55,2200000,1980000,-0.1,1,-220000.0
0,0,3,87,3480000,4176000,0.2,1,696000.0
0,0,4,153,6120000,5508000,-0.1,1,-612000.0
0,0,5,133,5320000,4256000,-0.2,1,-1064000.0
1,1,6,32,1888000,1510400,-0.2,1,-377600.0
0,0,7,166,6640000,5976000,-0.1,1,-664000.0
0,0,8,45,1800000,1440000,-0.2,0,0.0
0,1,8,99,3960000,4356000,0.1,0,0.0
1,0,8,107,6313000,6313000,0.0,0,0.0
1,0,2,161,9499000,8549100,-0.1,0,0.0
0,0,2,35,1400000,1120000,-0.2,1,-280000.0
1,1,3,25,1475000,1770000,0.2,1,295000.0
0,0,4,125,5000000,6000000,0.2,1,1000000.0
1,1,5,132,7788000,6230400,-0.2,1,-1557600.0
0,0,6,154,6160000,7392000,0.2,1,1232000.0
0,0,7,30,1200000,1440000,0.2,1,240000.0
0,0,8,168,6720000,6720000,0.0,1,0.0
1,1,9,115,6785000,6106500,-0.1,1,-678500.0
0,0,10,24,960000,1056000,0.1,1,96000.0
0,1,0,43,1720000,1720000,0.0,1,0.0
0,0,1,148,5920000,6512000,0.1,0,0.0
0,1,1,166,6640000,7968000,0.2,0,0.0
0,0,1,197,7880000,6304000,-0.2,1,-1576000.0
1,0,2,164,9676000,7740800,-0.2,0,0.0
0,0,2,47,1880000,1880000,0.0,1,0.0
1,0,3,147,8673000,10407600,0.2,0,0.0
1,0,3,139,8201000,7380900,-0.1,1,-820100.0
1,0,4,75,4425000,3540000,-0.2,1,-885000.0
1,0,5,99,5841000,7009200,0.2,0,0.0
1,0,0,30,1770000,1947000,0.1,1,177000.00000000023
0,0,1,165,6600000,5940000,-0.1,1,-660000.0
0,0,2,38,1520000,1824000,0.2,1,304000.0
1,0,3,179,10561000,10561000,0.0,0,0.0
0,0,3,161,6440000,5796000,-0.1,1,-644000.0
0,1,4,182,7280000,8008000,0.1,1,728000.0000000009
1,0,5,65,3835000,4602000,0.2,1,767000.0
1,0,6,160,9440000,7552000,-0.2,1,-1888000.0
1,0,7,67,3953000,4743600,0.2,0,0.0
0,1,7,131,5240000,5240000,0.0,1,0.0
0,0,1,114,4560000,3648000,-0.2,1,-912000.0
0,0,2,199,7960000,6368000,-0.2,1,-1592000.0
0,0,3,115,4600000,5060000,0.1,1,460000.0
0,0,4,166,6640000,5976000,-0.1,1,-664000.0
0,1,5,36,1440000,1296000,-0.1,1,-144000.0
1,0,6,74,4366000,4802600,0.1,1,436600.0
0,0,7,169,6760000,5408000,-0.2,1,-1352000.0
1,1,8,110,6490000,7139000,0.1,1,649000.0000000009
0,0,9,127,5080000,4064000,-0.2,0,0.0
0,0,9,180,7200000,7920000,0.1,0,0.0
1,0,0,57,3363000,2690400,-0.2,1,-672600.0
0,0,1,142,5680000,5112000,-0.1,1,-568000.0
0,0,2,88,3520000,4224000,0.2,1,704000.0
0,1,3,68,2720000,2176000,-0.2,1,-544000.0
0,0,4,171,6840000,8208000,0.2,0,0.0
1,0,4,174,10266000,8212800,-0.2,1,-2053200.0
1,0,5,116,6844000,6159600,-0.1,0,0.0
1,0,5,21,1239000,1486800,0.2,0,0.0
1,0,5,116,6844000,8212800,0.2,0,0.0
0,0,5,94,3760000,3384000,-0.1,1,-376000.0
